0,1,2,3,4,5,6,7,8,9,10,11,12,13,14,15,16,17,18,19,20,21,22,23,24,25,26,27,28,29,30,31,32,33,34,35,36,37,38,39,40,41,42,43,44,45,46,47,48,49,50,51,52,53,54,55,56,57,58,59,60,61,62,63
3.048128,2.7228436,1.9928732,2.877833,2.2058175,1.1520357,0.49938262,2.8363516,3.6837091,2.3005087,4.338444,1.8132932,0.8573122,3.0709822,2.4157705,1.5829585,2.9545457,2.8983994,1.7817154,3.9162529,0.7925694,1.2163651,2.1453924,1.6200292,1.5737386,2.443963,1.835129,1.2988391,2.8229058,2.131821,2.0458286,1.9728241,2.5944462,2.0299108,5.532014,2.5399408,1.8475418,2.676238,2.4007034,1.0877464,2.783013,0.7038518,0.13353324,2.2677634,4.803027,2.274754,2.6704392,0.89995414,1.8789774,2.837563,2.2183852,1.4179854,2.3747904,1.6560225,2.6648235,1.3868222,3.2141333,1.4756409,1.0442917,4.0400715,0.8884035,0.76735824,2.6984751,2.2403855
2.6692572,1.9932655,3.91106,1.4846613,2.5114439,3.0986576,2.903297,1.7876139,2.804622,1.239697,1.8820605,1.511509,2.6658,1.0017347,1.9041262,1.0610836,3.529431,2.224765,1.8123431,3.2396538,1.6737508,3.1054046,2.4469428,2.067555,1.959156,2.1738348,2.6470802,2.0615995,1.7100873,2.2728674,1.7446034,2.3774054,1.7607461,3.5075815,2.885395,1.6224937,0.6310078,1.1368897,2.556456,2.9382386,2.5685716,1.9456185,2.2915387,1.679393,1.7964463,3.1834774,3.0450928,2.6569877,1.8795811,2.1576009,2.4581532,2.1616693,2.486996,2.1292133,2.5386953,1.9797323,1.3836248,2.2132425,2.4497004,1.5977597,3.1657372,2.8403785,3.4369514,2.3734512
1.0997746,0.621856,1.4975019,1.6363091,2.6918068,2.3234837,2.3601704,3.13261,1.1725767,1.2449319,1.5070877,2.2157967,1.7661906,0.35269898,1.6059728,1.1984065,1.8483334,1.8172226,1.9320483,1.9548244,2.9623055,2.7224443,1.4138012,2.7153404,1.8881876,3.1697683,2.4235256,2.9668837,1.3937356,1.1398389,2.6643221,3.408735,2.5551686,1.2646961,1.4665351,2.7310758,4.2067337,1.5747579,1.2064466,2.4071388,0.3454792,1.3110534,1.2432101,1.4102483,1.6522002,3.233453,1.0694288,2.056148,2.7956038,2.340825,2.6007533,2.2308095,2.4664621,2.1771498,2.3259888,1.2330296,1.9912987,2.025775,2.6842623,1.3574861,2.4815714,2.4209447,2.2105644,1.1440313
1.1987667,1.4602352,2.7369003,1.830837,3.6432781,2.349266,2.1299376,2.1647923,3.29879,3.370027,2.582992,1.9328051,2.1692114,2.0451608,1.9044285,1.8215127,2.219211,1.8840208,2.4016232,2.0369074,3.0104961,3.3471425,2.4819403,2.5272226,2.3211217,1.4906694,2.1869862,2.6008756,2.4261918,1.8227029,1.8200386,3.2618086,2.4758353,2.7253363,2.8232317,4.7513127,0.6093923,1.1819173,2.1160142,3.369498,2.3539999,1.4611963,2.1673203,0.8228518,1.2803483,3.6517293,2.630984,2.4719243,0.3664273,2.085362,2.4974298,2.7069046,1.132901,2.3363838,2.5990458,2.0772698,2.5145974,2.6517715,1.6128749,2.2522862,2.956759,3.0847533,4.1643133,2.7033348
1.819998,1.8850571,0.87415326,1.7102177,1.8501897,2.3824615,1.7917241,0.8719384,3.9073186,2.1114929,4.5297112,0.52841586,1.7817808,5.3915396,1.8891711,2.418535,1.5922937,1.5911009,1.7678978,3.5118191,2.2759671,0.8236087,1.2605176,2.6439865,2.2138276,1.8608557,2.381099,5.3644257,0.946072,3.399424,1.8964522,2.2409678,2.8730206,1.7487009,2.3602762,2.7891736,1.5736232,2.0164332,3.3693564,2.0780153,2.905105,1.7237204,1.3087189,1.7455552,5.4526997,1.6154654,2.137478,3.4563088,1.9485601,1.8651842,3.027166,1.8330379,1.935267,1.8746831,1.6833295,2.7726676,3.6557174,0.93829393,1.753548,2.553222,2.0765076,4.1391397,0.1214416,1.4602381
0.3863749,2.2235289,5.605153,1.7806802,1.0786443,3.1252248,2.1093073,3.7155194,1.8648818,5.393176,2.5703862,3.6666036,1.0601786,3.8222566,1.4247136,0.42317992,-0.47221228,0.64826924,2.5202217,-0.39424026,3.7145247,1.745296,1.8036084,2.9970212,0.6978966,4.374724,0.80191106,1.2629895,2.4572294,3.29043,0.8714336,4.2216835,2.5193362,1.7269025,6.399692,1.938513,6.145563,2.3928823,4.8041058,4.870164,1.771395,0.09159088,1.7466605,6.784913,0.28690517,0.75499266,1.8808687,2.1857417,1.7411886,1.2791756,2.002748,3.1508763,1.942236,2.019769,1.568909,2.8603122,0.88423127,2.8097444,0.8882346,3.2445369,1.7834959,2.9935822,0.4131987,0.5564089
0.72706467,4.5836926,1.38521,2.3804262,2.4337509,1.8512409,2.8155928,0.8239766,1.311019,3.2571015,1.8503425,2.5047412,3.7483435,1.9959459,1.8157783,2.3435764,2.2000744,2.182554,2.9926624,1.8599601,1.4243375,2.8668408,2.1011174,2.7797751,2.818318,0.85897684,2.7716577,2.413136,2.832681,2.7262728,2.3068228,2.3732266,2.158938,0.94202226,2.9825044,1.6787813,2.092535,3.4441624,2.3081682,1.8461568,2.6178834,3.0835729,2.8310595,1.8256884,2.8406403,2.1449804,1.9199095,2.59877,2.3083172,0.8311622,2.273035,3.061514,2.062346,2.7545307,2.5386953,2.0780184,2.6877975,0.99662983,1.6715747,3.0600684,3.4104683,1.3005133,2.638987,1.6015984
2.4499478,3.0382152,1.1521968,2.0892246,2.2167063,1.989454,1.8456665,1.3272803,4.9492836,1.9953916,3.0742948,1.9146435,1.4921933,2.6092975,2.2103019,3.3164697,0.24745774,0.4083454,1.1776521,3.066218,2.3738194,0.011754155,1.0105734,3.2576544,1.9054382,1.2461131,4.6523533,2.5832412,3.1305652,5.292238,2.6354501,0.32416153,3.1501594,2.8786416,3.4449327,6.238212,0.713313,3.1901112,2.717991,2.287556,3.5437531,1.8848902,1.7532508,3.54596,2.759163,2.0565472,1.972923,-0.10940993,0.15756804,2.7385516,0.39644957,3.657293,2.6167312,2.993751,2.527094,2.6545088,3.646563,2.7213502,1.2144426,4.047843,1.736028,2.1480925,-0.18663251,1.323913
1.8457117,3.2203455,3.566006,3.2233193,3.7108603,2.6705983,1.3450459,2.2336955,3.4075904,4.4427366,2.3647907,2.7163026,1.5642434,2.0533388,2.8699045,2.3291833,1.623419,1.8840208,2.0536342,2.1565318,1.5723172,3.3471425,2.4508727,3.4874694,2.5181808,1.7198015,2.9347303,2.6008756,3.4794047,1.750426,3.112032,1.6698601,2.4895253,2.7253363,3.3465335,1.7054944,3.461766,1.0300305,1.7025313,3.2936804,2.3388083,2.3333173,2.4025981,2.9610052,5.2376842,2.853866,1.3575847,2.5307662,2.303217,2.0995464,2.4974298,2.3931594,1.2131863,2.4396129,2.6255336,2.7145367,3.171181,2.3718228,2.6071544,3.865445,2.3252435,2.0092115,4.1643133,2.5399036
2.677369,3.4005022,1.6979151,2.3642888,3.3368459,1.7629879,2.46623,4.5590844,1.4537778,2.3288226,3.12744,2.5081208,1.473447,1.5792966,2.9664283,3.898197,2.8275545,0.4394763,2.062759,3.1718347,0.8342416,0.8427909,2.5531316,2.533795,3.0905902,2.2169957,2.2004168,2.9128857,1.9942889,2.362788,2.7609234,3.5054886,2.5589056,1.0366955,1.8128796,-0.1079635,2.394926,2.8319921,2.435696,1.857219,2.4842906,3.7289672,2.7106898,2.2574055,2.8098004,3.1053092,2.228614,1.3053589,1.4482049,0.78708386,1.9762915,2.3622282,1.977025,2.339206,1.9641896,1.0322855,3.562049,1.9561118,1.0748441,1.6833863,3.1623785,1.5235062,1.1645665,2.5961804
2.6773696,2.4903188,2.8489947,1.5609064,3.3368459,1.8787787,1.394298,4.559085,3.0638807,3.5655885,1.9768214,2.5229487,2.0752406,1.5616281,1.9404552,1.4233122,2.8275552,0.39618963,2.8098822,2.497111,1.3325204,0.1645965,2.4413123,2.3666298,3.6509883,2.2169962,0.870475,2.1991496,2.883509,4.315617,1.2149603,1.1835399,1.3530544,0.5392366,3.7304761,1.7427878,1.5807207,3.137721,3.4116194,1.1802293,3.3729715,3.7289662,2.7219267,2.9293654,2.5085728,0.92653626,3.5514324,2.536033,2.2660623,0.73474634,2.8812513,2.6904092,1.0123107,1.7797925,2.1217651,2.1307437,1.8101561,2.6363316,1.8511709,2.2997973,3.2117627,1.5235069,2.4400568,2.0769415
1.253161,1.2992964,2.2297208,3.0468626,3.923201,1.7598121,1.4806327,2.8593442,1.0528793,0.72734493,1.7619722,2.434138,3.6955152,1.7892303,1.8342817,2.453811,1.4781129,3.715433,1.2378135,1.8663082,2.6215105,2.181666,2.3327706,2.4622116,1.1692582,3.368608,2.7292984,2.1958184,3.3747761,2.672588,1.8865719,4.5718346,3.247964,2.8859296,1.1232953,5.5865755,1.252183,4.267157,1.869421,2.3527176,3.9312382,2.6653194,3.0426903,2.9077516,4.374404,-0.24580032,1.9105816,0.91510814,1.3793532,3.361247,1.1287359,2.3641963,0.93489176,2.3543665,1.9715375,2.9329715,3.2806892,2.3163867,2.2536283,3.99915,2.4807644,1.3298626,2.2844965,3.0114594
2.178779,1.2598766,2.7646806,2.8313897,2.0050247,2.7843623,2.6174183,1.250639,3.5077724,3.3469048,1.8440161,2.3795292,2.4463415,1.2313015,1.6763995,2.2573752,2.4311047,1.9736745,2.821812,2.152599,2.0793576,1.6015699,2.885525,1.4661608,3.2523243,1.3204283,0.97943896,1.7954848,3.2567267,2.5619247,1.6003237,2.1290736,3.4920673,1.1008568,3.418289,3.134362,2.1947598,2.105794,2.7201629,2.4999804,0.27012974,1.0073651,1.7201624,2.6035998,1.4265423,2.0043204,2.3204448,2.84309,2.1302652,1.9563271,2.084221,2.3783052,1.7548773,1.8202558,2.2229424,2.023174,1.7377589,2.224286,1.2039002,2.5677612,2.7158298,2.6219156,2.3616183,2.2079473
1.0213962,4.9047084,-0.67296195,1.554842,3.8785157,1.3608303,1.8032514,1.7874444,0.22473878,1.2378669,0.833962,1.1502528,-0.29114622,2.4930463,0.7127744,0.77344245,0.29950702,3.4207122,0.9310581,-0.43361437,2.3322883,2.7791042,0.89944607,1.225508,-0.49134612,2.6421418,0.9721382,2.5888088,1.3260348,0.71282095,1.3192301,3.4084084,2.9932065,0.7371649,0.1943199,5.300282,5.2628975,3.5645008,1.3294833,1.8021855,2.690078,2.4735312,2.56865,2.2149308,2.2346542,0.26058185,-0.5988598,-0.0005893707,1.9986564,0.46372283,-0.8414686,2.7542508,1.5163052,2.6860838,0.7964395,2.10207,3.936233,2.9188213,1.4135715,4.097884,1.1290369,1.2061465,0.2650423,1.5755998
3.4020567,5.5994997,0.64314914,0.29330486,0.16066664,1.2032201,1.9633552,2.277526,1.3490438,1.130033,3.735084,0.7069091,0.59345615,3.24366,1.4731627,1.397336,1.4190519,3.2479706,1.3536985,2.1927238,2.7242002,2.207225,1.992475,1.2667346,0.0037279725,2.9694371,2.707909,2.2870913,1.2372756,1.7639616,2.033284,0.6927961,4.20847,3.0178735,0.5983873,2.4847279,2.1211412,3.3276515,4.228841,2.4003255,2.824994,2.3362918,2.1225076,1.8324571,1.7495327,2.4187164,1.0364645,1.1408978,1.1286145,2.167706,0.90914726,1.7494817,2.5120924,1.3855965,2.2199364,0.966042,2.2955675,2.5079603,1.2452259,3.490877,2.3975646,0.3511532,0.8666291,2.7542114
2.1326704,3.5272756,3.4297326,1.1405392,2.7634404,2.3319266,2.930935,3.1205373,4.4541163,5.5441856,1.8613241,2.2044818,1.4554006,2.6331167,1.553355,3.8547175,1.0898335,0.45463115,1.2045062,2.3805153,1.5821885,1.3015318,1.5959716,0.43835455,1.2517154,2.1474724,0.56521636,3.2637675,2.5564854,1.1810355,1.7578523,1.3395951,2.529584,4.66066,0.86989194,1.7965229,1.4782465,2.5849853,2.0648544,2.0016823,2.9123068,3.3623924,2.7485156,3.690405,4.822731,0.9485195,1.5191483,2.695715,1.2681365,1.1935369,1.6557041,2.0264175,2.550286,3.6010957,1.7579325,2.3794863,2.3645015,3.1274333,3.6765585,4.2448826,1.6512773,2.093901,2.8375149,2.6691933
2.6692572,1.9932655,2.596884,0.19301957,1.9765263,2.2622182,2.4189348,3.7011967,1.5752425,4.7490826,1.3162711,1.5341938,1.270178,1.3996458,1.964535,3.967158,1.947304,1.7199216,2.209001,1.1588662,3.2716947,1.3073852,0.6452605,2.2120893,1.46732,1.8505269,2.2192512,2.9506185,1.9100587,1.5081918,3.641893,1.5177777,4.1599965,0.8858537,1.4390218,1.8732009,3.3547873,1.7101811,2.878242,2.9891803,1.5511026,3.9591613,1.7975922,1.1374155,0.95121694,1.5050449,1.9844344,2.3919642,3.4072204,1.656865,0.7547562,1.8029747,1.2227294,1.8967707,0.3631574,2.2468102,1.2291932,0.8834219,1.8748564,3.2332866,0.3901717,1.7452319,0.7689446,0.83954
2.2837858,1.7587069,2.3210673,2.2010238,1.2600789,2.4626286,2.1015253,1.2513547,2.049993,0.48989326,2.8820543,1.3634872,0.8800317,1.6443281,1.6595564,1.1264062,1.6743684,1.139782,1.898144,3.2378614,2.1272593,1.7310042,1.5873482,2.4526281,2.2607868,3.0081015,2.1411505,2.9440064,1.9232428,1.3086348,2.6797297,0.6734514,2.179328,1.5251744,0.4806438,0.75341564,2.9768915,2.3351202,1.4386969,3.0262477,1.1339192,1.8581263,2.5147102,2.2425926,2.2950747,2.9438872,0.99393487,1.8037553,1.8525001,2.1533613,1.9134213,2.0338466,2.4697032,1.4091198,1.3438638,1.9616997,1.9479666,2.5577154,2.393849,1.6216431,2.237897,1.5998003,1.3695083,1.9551033
1.236927,4.5416827,1.4324687,3.0225182,2.1166294,1.6565642,2.8097749,6.169033,1.4444783,2.1412122,1.193188,1.5128467,3.4647512,1.8011179,1.5787942,1.457185,2.3396857,1.8746989,1.3711531,1.6411457,2.1647062,2.6142433,1.8861315,1.8546488,1.6733501,8.3007555,2.3280003,3.3428063,2.114664,3.6383657,1.7062254,3.0472734,2.1444392,1.0885282,1.4265213,2.7546484,3.0452287,3.4323058,1.934891,1.3272555,1.1047192,3.1036844,2.3604095,1.9673867,2.5456123,1.8219292,2.2555308,2.5304291,2.1483178,1.2973255,2.4768867,2.6453366,1.9357767,1.9649417,1.5860952,2.4096003,2.5249617,1.6340109,1.5146362,2.2037017,1.687284,1.2759256,0.98289514,1.9767579
2.4083285,1.5017809,1.168656,1.7072196,2.511443,1.4209931,1.8898915,2.0010378,2.8046265,-0.6139874,3.2540717,1.7561986,1.9910799,0.82891256,2.3107414,4.608233,2.8058825,2.145892,1.7154517,2.5406775,0.3282051,3.1054013,2.7028646,1.5318577,1.9591572,1.4615101,2.8420653,2.061599,4.058818,4.1965013,0.59053695,2.377406,1.5763572,3.507582,3.6344335,1.2061975,2.7256238,2.9992957,2.1963289,2.521882,1.6370449,2.569713,2.7315555,4.3025203,1.9188509,3.1834784,3.1460183,3.5253644,0.43782258,1.3930436,2.4581528,-0.37612846,0.70981044,2.7054284,0.81720805,2.5141153,0.819128,3.1726618,2.4497004,3.3042595,3.1657367,3.3527548,3.4369524,2.9235392
2.19773,1.861036,1.5883465,2.6832213,1.5043306,1.9426844,3.3475323,2.647732,2.340997,2.8037853,3.1921248,2.162566,2.4516435,0.42385215,2.9267044,1.0594513,1.5424137,2.6877866,2.727003,2.4834623,2.8606954,2.5996132,2.8965888,1.2559645,1.4371607,3.0114822,2.0614674,2.239102,2.3940082,3.331973,3.3158026,1.1674685,2.3059473,2.001857,3.0435724,2.641287,0.10017651,2.884839,1.4924769,0.79374015,0.62858635,1.9994751,1.9509654,1.6818058,3.4937432,2.2182553,2.569063,2.7387538,2.3545609,2.6564274,2.848321,2.1656349,2.5298188,2.221906,2.5559492,2.3210921,1.7765999,1.809806,2.0587878,2.4342694,3.1580915,2.88697,1.5805111,2.6407208
0.5996339,-0.055956542,2.3694248,1.505033,-0.061861098,4.559585,0.9750998,-0.16172102,4.094865,2.8404617,1.3039804,1.7139955,-0.80565226,1.9817114,1.2295408,0.9908063,-0.1256879,-0.6160676,0.62739927,-0.04896635,3.6466742,1.9154575,1.3414121,2.6936972,1.0207131,1.4903024,-0.07799554,1.3847411,3.0987806,1.6242418,0.8085389,0.20275795,2.4916081,2.678879,3.0162666,2.0374186,1.7618117,1.1099733,-0.5348916,1.9543569,2.5343528,2.5762467,3.6326597,3.3234017,0.5015626,0.103105724,2.2378154,4.130743,1.0358638,2.2334576,1.1808821,3.531679,1.3141031,1.6762011,1.8854603,2.2254632,1.0099742,1.635651,2.0772524,2.9633431,-0.49091023,3.0187566,2.259177,0.42916524
2.068849,1.9126128,1.8082495,0.14314234,2.3565557,1.720325,2.2603374,3.7669764,1.786057,2.760861,1.8779347,2.9628756,4.036857,2.1181512,2.4006517,1.8609693,-0.1849168,0.9761985,1.8405466,2.5286663,3.5793118,1.8454237,1.5622461,2.0649452,1.7222219,3.4382977,2.5222461,3.632151,3.492891,3.6681223,2.2853036,2.9526908,2.1463213,1.7712214,4.5281725,5.286461,0.74750006,2.0007763,2.2132607,1.6318457,2.7828176,2.6917243,2.511599,3.2737617,2.483996,3.311999,3.3339174,3.7722797,1.1146071,1.4061478,1.8716809,1.682935,1.2876439,2.773346,1.7311207,2.2364218,2.5387816,3.2483015,2.0170236,2.6729558,3.738517,4.277304,2.4545584,2.337875
1.4495995,3.1868773,0.42760658,2.56285,3.391736,1.4508991,1.6626147,0.65097183,1.9326887,1.847306,2.613143,1.2303641,1.2985905,3.7432528,2.0545552,0.8063465,1.8432536,3.3379457,1.4042177,3.0439332,2.259832,2.811399,2.2379184,2.4984725,2.0082657,0.41421568,1.644144,3.0520012,2.1974618,3.1535122,1.2731133,1.7956207,3.159697,1.4622455,2.9815915,5.3451495,1.6608734,4.337736,3.149568,1.9983761,3.2371182,2.598835,1.6385114,2.9361773,1.882695,-0.27568415,1.1570463,3.236454,0.357458,2.0530062,2.5008616,2.9531007,1.6284003,2.8094845,3.0888782,2.3168979,3.1912513,1.8192734,2.136426,3.8479154,4.050453,1.5627358,1.1783073,1.3855783
2.3724613,2.2406716,2.6510918,2.4094687,2.2273586,2.8244166,2.8367267,1.0704441,2.2684002,2.2265747,3.6475635,1.5789332,1.5831763,2.8921304,2.682227,1.4318893,1.1584373,0.5654798,3.9169347,4.310244,4.5840063,1.4707162,1.5458152,1.6163476,2.2799106,2.4123483,2.7008986,5.3016076,1.2953496,2.5527198,1.090601,1.0511106,1.826173,2.7834466,3.0071843,4.4339557,1.0141952,0.82296264,2.2753406,1.4655104,1.8041041,1.9143685,2.1422052,1.3947153,1.1962016,2.3839025,1.946558,1.9338827,1.2982785,1.2309343,1.6527568,1.4542911,1.8373408,2.1990469,2.726749,1.6230156,1.9160848,3.0288792,1.4946705,1.6818886,2.8589518,2.1152077,1.2028433,2.3925295
2.4635623,1.2938321,5.208251,1.7744341,2.5114439,2.2655365,3.0704112,1.7876139,2.8734403,4.513733,1.761334,2.0213246,1.7885104,3.7866077,1.7507665,1.5090189,2.0810518,2.1458914,2.7063313,2.6611302,2.155693,3.1054046,2.2227259,2.8230987,1.9979873,1.8635858,2.6470802,2.0615995,2.4862533,1.5714312,1.8475649,2.3774054,2.45993,3.5075815,1.6713088,4.823052,2.1051407,2.6188416,2.893481,2.5218813,1.5359704,1.5026315,2.1371427,2.487787,2.2435157,3.1834774,2.4968839,2.0861425,1.990533,2.2494636,2.4581532,1.5793183,1.533304,2.1292133,2.098415,1.840126,2.1357088,2.6881256,2.4497004,2.3808236,3.5756013,2.387803,3.4369514,3.7618766
2.3509316,2.5019803,2.2346506,1.3838162,2.4389803,1.7160497,2.5384393,1.3980799,1.6269293,3.3201125,2.2012136,3.3766613,3.8258314,2.6021686,2.636081,2.6285517,2.0808136,1.7581637,3.3284905,2.0603852,1.9256822,1.6586645,2.1138363,1.5259998,3.700093,1.2962683,1.6524363,2.6812747,1.0683835,1.6313741,2.2044935,1.8317406,1.8632387,2.3604088,1.3875432,1.9345593,4.1457367,2.6774597,2.9425008,1.4627228,2.799219,1.654894,1.4411552,2.471423,3.5659783,2.4319153,1.9957538,0.98886293,3.1812487,0.76884174,2.1833086,1.8516991,1.3885581,2.1726022,1.6571742,3.283206,2.1313455,2.4070354,1.5222708,1.9250107,3.5864294,1.2744491,3.1346574,2.3683648
2.191484,1.7488512,1.2942002,1.6253996,0.91900975,5.354088,4.460122,1.1626658,2.3541284,1.9748254,1.602941,1.4618704,4.963644,4.0099435,1.4156528,1.5236335,1.6623709,2.4530718,2.5292225,3.596926,4.0847673,2.4901266,2.408213,1.4398742,0.22362924,2.027553,4.9872417,2.6209624,0.9229795,7.7665,1.1475108,2.3734958,3.9176784,4.4065027,2.1620166,3.6640296,1.6259656,5.178876,2.1131933,2.0179448,1.8376119,2.146994,0.9723142,1.9050088,2.1499722,0.8568513,5.281335,2.0962665,1.1647611,2.3757067,1.4782835,2.2787867,1.6824555,2.5291648,1.3699063,4.0816956,1.2884028,3.0310078,1.9400433,1.7295396,1.8352184,3.1975741,1.5206037,2.7400522
2.6579974,2.0198216,1.6908274,1.4495251,2.9093575,2.0903804,2.3763776,1.6845486,3.7620997,1.857964,2.5688262,0.35080963,1.69307,2.34985,2.5681336,4.672867,0.85512567,0.5184012,2.6313224,3.2352726,2.645587,1.74878,2.2087479,1.5949042,0.92756796,2.6201053,2.1850376,2.245636,0.48360264,3.5827546,2.202385,0.5967982,2.0653558,5.5879254,-0.19445515,4.653726,2.0061467,1.8621601,2.6126516,2.6286817,2.5685716,0.9092686,1.0786114,1.9817319,1.1167263,3.0104065,1.5151927,3.7740579,1.8974744,2.656651,2.5105634,1.3239527,2.8389046,2.4755614,2.6383257,4.548317,2.7545536,2.1371489,1.7554494,1.8803413,1.6949599,3.7209766,2.76794,1.1821215
2.6404347,3.7606764,1.2247719,1.596442,2.1715546,2.320112,1.8316201,2.468052,3.2476218,2.3718731,3.023429,1.6332028,4.7638903,3.1776254,2.543328,3.1001413,0.5202223,1.853059,0.42533332,2.2035344,2.894854,2.9816635,1.2527103,2.9970212,2.7929757,1.7757434,2.9096844,3.0922012,2.4572294,0.8300486,2.288423,3.1945279,3.5208564,3.4496105,1.1004755,2.7262242,1.5715997,1.4691468,2.554285,2.8575191,4.166197,2.6733594,2.4543188,3.4536443,1.6170797,2.911567,0.45170462,4.6098213,2.0229392,1.4768015,2.464116,3.1508763,2.3863158,3.151215,1.8072912,2.1165085,2.4468846,2.3179073,3.2857265,1.9165003,3.866266,2.3134592,0.7521062,1.2085696
2.772759,1.6355499,0.96914923,1.1722755,0.7903456,2.2477841,0.41146255,1.2373128,1.1698409,2.5941765,1.0027261,0.8342717,0.43260264,3.0927837,0.6247239,1.0776911,0.6363623,3.1575398,0.2886545,0.5450067,4.8222713,0.7369104,1.4000633,2.1196399,0.44995213,1.5283574,1.055129,5.777344,1.3114495,0.8632248,1.7625341,2.0843155,2.465343,1.3798864,1.0661204,1.5626845,3.0431733,2.1420627,1.8197932,1.3029437,1.7448936,0.57667804,0.29276186,1.9889424,1.2515441,1.1503477,0.9267907,0.84552234,1.8356267,2.197741,1.3514501,2.2633357,2.398247,2.0054424,1.9072243,1.4723821,2.0329013,2.944024,0.92506397,1.132804,0.8366247,2.913218,1.3666508,0.54557574
1.0997746,0.621856,1.4006586,1.6363091,2.6918068,2.864653,2.625774,2.9837582,1.5763705,3.4109244,2.307714,2.2157967,2.0072908,1.7682133,1.1585963,1.1984065,1.6585352,2.1666615,1.7268977,1.4286013,3.6533217,2.7224443,1.705895,2.3950434,1.8881876,2.3325024,2.4235256,2.9668837,1.925988,1.5311584,2.220614,2.1237962,3.5321836,0.67173535,2.0054266,2.7535584,4.2067337,0.6405555,1.2064466,2.4071388,0.55790716,1.6352717,2.4601488,1.2221998,1.6522002,3.233453,1.829668,1.58778,2.7956038,2.1238666,2.6007533,2.2308095,2.4664621,1.9302256,2.213491,2.115713,1.9912987,2.275425,2.6842623,1.8779058,2.8304298,2.4728892,2.135682,1.5089074
2.6208782,2.2942686,2.725016,2.7206335,2.5864692,1.3037283,1.6672274,0.5936447,2.9634976,2.3445187,2.3779068,2.3672543,1.226616,1.4550929,1.52881,1.2098007,2.9020963,1.8794498,4.198053,2.077151,2.126658,1.9338579,2.174432,2.4003067,3.1119256,1.9609905,2.2671044,2.4881158,1.6500981,2.1488402,2.2278001,2.2409675,2.1091108,2.17982,2.2442017,1.3058894,1.8511801,2.2629838,1.694242,4.569521,2.626872,2.7051063,3.1385972,1.6824112,1.9274282,2.5748012,3.089037,3.9776764,2.1966333,2.0652905,2.5540252,2.4413319,1.9580767,1.9976056,2.2101111,2.4632585,2.186025,1.384797,2.5304399,2.1497068,1.7818446,3.1437438,2.8332117,1.6378719
1.9625125,2.1793447,1.450311,2.6290314,2.9093575,0.831667,1.7987064,1.6450155,3.7620997,1.857964,2.5688262,1.5614841,2.3667665,2.3345916,3.134091,4.672867,2.2210994,1.0933154,2.5395088,3.2352726,1.7088794,1.6295488,1.8862998,2.0554855,1.1508614,2.5121388,1.7668247,0.52388614,1.6384244,3.913539,1.6168485,1.4119153,0.97802055,5.702842,1.2026241,4.7459297,1.763974,1.2142144,2.6928608,2.6210406,2.5229483,0.8337203,1.8062537,2.0415866,1.8158221,3.0104065,3.035951,2.1566033,0.3233583,2.9472628,2.1962419,0.73191565,1.3604043,2.516645,2.6383257,2.2469606,2.7545536,2.43777,1.0270556,1.9644601,2.1044137,2.0499313,1.9517963,2.4877968
1.236927,1.7384983,2.375992,3.0225182,2.4334273,1.7336004,2.009275,1.4384489,1.4671216,1.310724,1.7387729,2.455183,3.4647512,1.4866858,1.5665345,1.3529792,2.3666017,1.7034931,2.835092,2.3049805,1.5462855,3.0360272,1.9558117,3.2838004,2.9835036,2.187901,2.9089181,1.493648,2.2601757,2.0452836,2.0764601,3.0115094,2.5128112,2.3100848,1.492737,2.258594,1.8858397,2.7709045,2.1379225,1.939645,0.4244191,1.981661,2.0466611,2.4853222,2.510349,2.5255625,2.219816,2.4996371,2.8734736,1.74411,2.0687652,2.6453366,2.094076,1.7519374,2.3433104,1.9922228,2.763253,0.8924694,1.2935401,2.5150914,2.0040283,1.735451,2.9483597,2.1073332
2.4083273,3.248773,1.8911142,2.6146736,2.5114439,3.24682,2.008195,1.7876139,2.804622,2.0861697,2.1701522,1.9947743,3.4019208,0.7370047,2.9521258,2.0711198,2.4036539,2.5327158,2.7617311,2.7067769,1.127626,3.1054046,2.1706715,2.4398034,1.959156,1.5833381,3.101137,2.0615995,2.054711,1.5580091,1.1125089,2.3774054,1.9573306,3.5075815,1.5948558,1.1596999,0.87767506,1.4851357,2.2076213,3.100261,1.5359704,2.724937,2.378649,2.199356,2.2695854,3.1834774,3.037583,2.0861425,1.459185,2.5297532,2.4581532,2.3859131,1.106956,2.1292133,1.5258504,2.5247402,1.2112029,2.4677172,2.4497004,2.4721496,3.1657372,2.5657697,3.4369514,2.810195
2.025813,1.7831341,2.5961795,1.6471753,2.230642,2.5878057,2.2852073,4.5727596,1.6532538,4.007758,2.1989696,1.9432454,1.5783013,3.2758346,2.8065093,2.979784,5.383833,1.268614,1.8156259,2.2949421,1.6968533,2.225379,2.0214195,2.7933748,2.2179341,1.0931872,2.0632527,1.6103754,2.64503,1.1616831,0.58482873,2.514374,4.3385863,1.7016068,1.520318,4.4851074,2.0737746,1.5738469,2.1619146,3.213661,2.112417,5.2237344,2.584017,2.4633229,4.6504335,1.1711757,3.3888366,2.1079183,3.2987795,1.1593417,2.2079773,1.6004124,1.8986068,2.0231907,1.9409505,3.8952503,2.9569592,1.0567995,1.6556312,2.835704,2.5277593,2.0129607,0.99215317,1.9132646
3.010589,2.428244,2.7096312,0.8752422,2.430323,1.6639643,2.707035,0.579812,4.026686,2.7372196,4.200774,2.3310587,2.40247,3.24366,0.8213804,1.5321953,1.5327895,3.2479706,2.9257448,2.779043,1.683302,1.0806942,2.0738568,1.3541296,2.6756647,1.0306513,1.5224011,2.5618618,2.776397,3.5454712,2.3202312,2.2986174,2.6880698,4.160309,1.480309,2.4847279,1.9325261,2.4561157,3.4516504,1.6941667,2.1996713,0.5300629,1.9311032,1.5932391,1.2278755,1.1071768,2.502398,3.0944583,0.5805094,2.1909332,3.1503258,2.0595307,2.5120924,0.9158166,2.9102807,1.9665244,1.8676229,2.2796078,0.49651337,1.8894236,4.223363,2.0185466,2.7020645,2.232469
2.65146,3.4645238,0.74906087,1.3190844,2.5680718,2.1454349,4.1287317,1.8047848,2.27053,1.9582472,2.1698918,1.9441717,1.3978478,1.8265388,1.6894674,3.0153544,1.6607049,1.7326658,1.3069735,1.9175811,1.4481124,2.8602252,2.0477128,1.0553343,1.8399739,1.6715525,1.7770326,2.5398543,2.2424722,1.6159906,2.5493145,2.1704957,1.5856942,3.1024816,2.1325893,2.745426,1.7026851,2.25671,3.6774251,2.699485,2.009805,2.8230524,3.7590191,2.857332,1.8512173,3.187437,2.4455018,1.6302197,2.0568323,1.7289158,2.5069003,2.056853,2.2856958,1.8487132,2.5386953,2.6693962,2.370473,3.2679358,2.5272222,2.3622518,2.377446,1.583389,3.4624588,2.604618
2.9323215,3.135439,2.062507,2.2580109,3.4431806,2.9617305,2.24541,4.5977297,3.2557101,6.0047717,2.4445312,2.7434547,1.9303509,1.9679191,2.5087614,4.434058,3.6929338,1.7357333,2.0279,1.4323523,1.4352876,2.616717,1.4648695,3.1909938,1.9494154,0.47997785,1.3272314,1.428632,2.7585745,2.4842973,1.7532158,0.2176804,2.4255261,4.9958134,0.8330433,1.9230628,4.5476227,1.4954325,2.2076216,2.9002643,3.1312892,4.77311,2.586125,4.1422095,4.0325117,1.5869272,1.2692981,2.1949074,2.0395298,2.4229326,3.1797304,2.5001593,3.041254,2.086958,3.0032978,4.356208,1.9711075,2.9921103,3.7835698,3.8709915,2.0953834,3.1449544,2.6274095,2.4622374
2.6514616,1.7133342,0.9271331,1.3190844,2.5680718,6.79739,4.1287303,3.6563892,9.447612,1.9582472,1.3265474,1.0810626,1.3978478,3.4473543,2.69476,8.417394,1.6607049,1.7364774,1.3069735,1.9175811,3.7508082,2.8602252,2.0265038,2.1238642,4.3138657,1.481264,1.7770326,3.2546344,2.2424722,1.3640823,3.4443464,2.1704957,1.5051166,3.1024816,1.8696454,4.8345733,-0.11109424,2.25671,3.0368726,2.699485,1.4443681,2.8230534,3.7590187,2.857332,1.8512173,3.187437,2.4455018,2.3008535,1.6061572,2.871481,2.5069003,1.6450524,2.0040252,1.8601251,2.2991395,1.6921852,2.370473,3.2679358,2.5272222,2.006612,2.377446,2.3840296,3.4624588,2.604618
1.478014,1.8793846,2.2302635,3.147555,1.3231561,2.103546,1.6044124,1.9434206,4.6584797,3.0056298,2.1565218,2.549465,2.577743,3.6495295,2.2774987,4.354858,0.9714831,3.4583018,2.4420395,0.6114966,1.9700218,2.7920227,2.275583,3.3208735,4.4079914,1.8772207,4.512923,2.3902824,2.3582563,2.363252,3.662404,3.5910733,2.2842178,2.541724,1.7581179,2.195402,0.96807516,1.2593068,2.1773205,1.2364626,2.4214153,3.4117188,2.6014936,2.0108259,2.346056,2.838784,1.8886542,2.9032495,2.3772416,2.3041406,1.9900218,3.2420604,1.8322191,1.8690906,2.836317,1.7105091,2.1124952,0.24520278,3.5100117,2.4942465,2.4536085,1.3363492,3.0145946,1.4458102
0.96987885,5.325409,2.3084755,2.9100335,2.4334273,2.1017532,1.8761472,3.316227,1.4671216,1.3694348,4.0158033,2.4551837,3.4647512,1.4866858,1.7247036,4.2995443,2.3666017,1.7034931,2.835092,1.8488028,1.5462855,3.0360272,2.676087,3.2838004,2.9835036,3.3038168,2.9089181,1.4655676,2.114664,2.0452836,4.0097547,3.0115094,2.5128112,2.3100848,1.492737,2.258594,1.8858397,2.3216333,2.1950314,1.939645,4.8754907,1.8086308,2.0466611,2.4853222,2.510349,2.312457,1.5702085,2.3538961,2.8734736,1.74411,1.4004613,2.3479576,2.0213299,3.731998,2.3433104,1.9922228,2.7089589,1.9740161,1.2935401,3.7777407,2.2034142,3.0024605,2.6927507,1.9767579
2.2763216,2.0148792,3.1355793,3.0382607,3.042507,1.2984345,3.106287,3.4269934,1.0198743,2.1067257,2.080589,2.6430347,3.0631266,2.0280206,2.4596984,4.214783,1.5776114,1.7534366,3.4455597,1.7524376,1.4352876,2.7040713,2.5230615,2.9868088,1.8936801,1.5905851,1.1854718,3.6153328,2.3499498,1.7452524,1.7720189,1.288017,2.6680484,3.4964464,0.9993358,2.779747,1.9707403,2.725432,1.9849894,3.052152,1.9397004,2.4185567,1.9393749,2.5371084,3.88568,2.5302591,2.5677772,2.2006938,2.6981826,1.8037764,2.2434978,2.261191,1.8238809,1.7519374,1.4227804,2.7081175,2.1169367,1.8355142,2.4231768,2.924484,2.0875998,1.2585418,2.5267987,3.1737747
0.74607927,4.6157126,1.1021203,2.403347,3.080064,2.6152174,2.0977092,1.0955465,1.1246974,3.6219807,1.235775,2.0854385,1.4918782,1.8057191,2.0598052,2.2818704,2.58951,2.6265635,2.9278946,0.5290918,1.7421855,1.8183827,1.6654382,3.0836134,1.6133802,1.492206,1.1660051,2.713404,1.4918876,1.6276467,0.8018936,1.6839423,1.7731911,1.3294637,2.0526006,3.701941,3.882395,2.5270157,1.7140961,2.9193017,1.7633553,2.937379,2.8261123,4.25626,5.145358,1.1113205,2.1423728,2.0686498,3.2164145,1.6634015,1.286951,2.4205835,2.4740684,1.9137788,2.57651,3.119632,5.7524214,2.214211,2.1731772,2.3982418,3.1973374,1.713835,1.8170133,1.2723731
2.6692572,1.9932655,2.5803308,2.6409874,3.042507,1.251488,1.6722039,2.4547157,2.0188255,1.5196643,1.9315856,2.7456079,1.4334384,1.4162183,2.130782,3.131118,1.6399174,1.7534366,3.2508156,1.3265178,1.7475168,2.7040713,2.2955532,2.3950438,2.0234113,2.4219036,2.1225777,2.4665031,2.9453497,1.2295451,2.2206142,0.9480827,2.080278,1.3344016,1.5426412,1.8032908,9.518173,2.428947,1.6120512,1.566782,1.2254505,0.7146456,2.08013,2.4969647,1.6522002,2.1746018,2.8422503,2.3438408,2.6981826,1.7620596,2.1009054,1.9526722,1.9665651,3.1032367,1.5577716,2.0071802,1.9912987,1.1748224,2.439114,2.9214637,2.8015893,1.7383211,2.5267987,1.8374165
0.7428296,0.73292506,2.1626632,1.8878031,0.7953071,1.303689,2.4701438,2.8017523,3.0611765,3.2887118,1.9323611,2.517452,3.0417557,0.74700946,2.6805732,3.0019655,2.8609886,1.1567397,2.749912,2.5554874,2.1417518,2.1755795,1.9221847,2.7575302,2.6916873,3.640555,2.3282304,2.0478814,3.8225172,3.0545447,2.850381,1.9828954,0.86329556,1.1758671,3.109665,1.4365699,-0.3398054,4.0293317,2.0968337,-0.56557083,2.6709762,1.9808496,3.8552587,2.610771,1.6437199,2.4600184,2.9460468,2.8675985,1.2907736,1.7727524,2.0762343,3.0121784,2.6765141,-0.37670824,2.857952,3.5465655,1.7449641,3.559639,0.3673396,2.1438236,3.7335365,2.34919,2.620151,3.447063
2.4243338,1.9007002,2.7160656,2.6579893,3.5971608,2.1910183,2.742447,2.9641483,2.6494956,1.4184661,1.5045583,2.3720086,1.5836748,1.1053419,2.7118669,1.9663363,1.6133969,2.3526263,1.9827874,2.3191571,1.1612526,3.5575912,2.1546767,3.2950451,1.5423446,2.2018695,2.4849043,2.938583,2.8236423,2.0901654,2.0799468,2.3385432,1.7086724,4.234544,1.9577537,3.373574,1.4630098,1.2197574,3.4711,2.8174877,1.2197886,1.3389705,3.8866923,3.2302766,2.554876,3.8607953,2.1459029,2.5507674,0.4636129,2.220286,2.9936056,3.1852458,1.4079349,2.5988226,2.1032267,0.96308357,1.4984536,2.2565541,2.939022,0.73462725,2.4450343,1.5241609,3.546253,2.673346
1.2871141,0.96490216,1.4019451,2.7290547,3.042507,1.4181678,2.331715,2.1704853,1.6613245,1.5196643,1.726979,1.971103,1.5688018,3.2650151,1.6870389,4.4200516,1.4626627,1.7534366,3.2508156,1.1896636,1.4604329,3.0868864,2.434691,3.2657402,3.5689867,1.9643573,4.021944,5.4524236,2.3908005,1.796987,4.5423164,2.2970037,2.080278,2.2838218,1.6107416,1.8228252,3.5185807,2.428947,1.2537665,2.3240457,2.5760505,3.4549017,1.9471548,2.1524444,1.7436502,2.1425188,1.3011384,2.505671,2.6981826,2.1277251,2.5112872,1.6676579,2.124204,2.3181796,2.063158,1.7173898,1.786087,1.7167097,2.1806574,4.4446306,2.0008323,2.4743638,2.6374872,1.5838639
1.3257167,4.7677007,1.6888561,2.2393568,1.586952,2.5481431,2.3469958,0.9744846,1.283242,2.5396152,2.126595,2.2998955,2.1692944,1.875546,1.8807683,0.9749705,2.7165797,2.4263928,1.7643554,2.0328946,1.1570379,1.2911181,1.6165364,3.795192,3.1322663,0.6037222,1.9435368,1.8703225,2.8200986,2.9109535,1.0879989,3.2971256,2.046196,0.8676923,1.3466892,0.7947032,5.1104794,2.8076491,2.2544658,2.1235678,0.9365646,3.298108,1.8242242,3.9492006,2.389842,-0.03021741,2.5411468,2.049791,3.1338391,3.1891704,2.4336767,3.6425655,1.7488406,0.8751319,2.9015107,2.8552036,1.8884664,1.1939337,1.2090389,2.1532164,2.55275,2.0075288,2.582164,2.2640977
3.0320742,1.8451253,1.4019451,1.4767342,2.5114439,2.1746705,1.8898927,2.2336133,2.804622,1.5185239,0.80074495,0.16339868,1.9643716,3.0905855,1.7160959,2.0948343,0.3118807,3.0783572,1.7526226,0.7507805,1.9044849,3.1054046,2.0041213,2.3845558,1.959156,1.6228412,2.6470802,2.8486829,0.19744211,0.59990376,1.4744577,2.3774054,2.5635953,3.5075815,0.077112556,2.450197,6.0318756,1.0623026,2.1149793,2.5269387,2.6427438,0.79551685,1.6277039,1.8959303,1.2337302,3.1834774,1.4062645,2.2413774,0.75341356,1.9085416,2.4581532,1.5091867,2.3799648,2.1292133,2.314042,1.4987409,2.1320493,1.8051649,2.4497004,1.7134616,3.1657372,1.8115575,3.4369514,1.8003567
2.4009426,2.613851,0.89916015,2.9404864,1.8134179,1.959523,1.1111385,0.51131827,1.895956,5.798441,1.2058358,1.7691925,2.0760179,2.5082705,1.6731853,2.271101,1.8353591,1.5276723,0.7250051,1.3657303,4.7308874,1.0793529,2.381357,2.562068,0.07269651,1.8011435,2.5042236,6.4376397,2.7731416,2.3552637,1.8425827,1.9831159,2.3854604,3.5951946,1.8805954,1.2547178,2.369721,-0.23012304,1.1445063,0.7771419,3.4174275,1.7838181,1.611836,3.6080942,4.474366,1.9531777,0.8407991,1.9154987,1.3256184,2.0058985,0.5690237,2.4121578,1.7765639,1.7639503,1.8022248,1.9185715,2.260082,1.1079925,2.8082786,1.5949233,1.5471096,2.7883759,2.2971244,1.7833742
3.252824,3.8146744,1.6051507,2.3962913,1.4546905,2.006028,2.0302105,0.6297135,2.4316823,1.8898263,3.9205437,1.4898796,1.4086412,3.6099997,1.5156124,2.0282505,2.0648665,0.60027224,2.9495044,1.7288775,-0.14844537,1.2446301,2.1964202,3.0103755,2.0046084,1.374694,1.4992917,2.6937375,3.1208482,3.0081854,2.517929,5.5552835,3.5059285,1.1376026,1.0368242,0.0021832585,1.6284368,3.3906035,3.9406683,2.643546,2.6411517,1.1549218,2.7189033,3.3612957,2.1466107,1.889255,1.2761188,2.0899832,0.28675312,0.80548346,2.3977394,3.7041218,2.209326,2.4798372,2.3438401,2.3492362,3.6606607,1.9220976,2.0265718,2.4124126,0.89416903,0.31072885,1.0089879,2.2173371
2.8821013,3.9251857,1.6051507,1.1243331,2.2888136,1.9708896,2.0327754,1.7145514,2.4926126,2.1149392,3.8549767,0.95751363,1.4086412,0.6271667,1.5156131,2.0282505,2.0648665,2.8886113,3.0415068,1.7288775,3.1750083,2.85223,2.1964202,1.2548628,2.0046084,1.374694,1.5573192,2.6816099,0.6146691,1.8286743,2.2956455,1.6075966,3.5059285,1.1376026,1.0368242,1.1947448,1.6284368,1.0668057,3.8412144,2.643546,2.641152,3.5768642,2.7189033,0.5016246,2.1466107,1.889255,1.2949321,2.0899832,1.3413438,0.80548346,2.3977394,0.057676196,0.9127957,3.3205538,0.60587573,2.4013586,3.5157523,2.5196276,2.0265718,2.4721496,0.89416903,2.7810433,1.0089879,2.2173371
1.082401,3.993105,2.2092707,2.9480157,2.8131223,1.6565642,3.1045446,4.730869,1.5499432,2.5171766,2.332556,2.0336893,3.4647512,2.507805,1.9162331,4.1137342,2.3666017,1.5908239,2.740184,2.3049805,2.8690572,2.6084726,2.872827,2.597523,2.216343,1.849007,3.7572093,3.241743,2.5773218,2.0452836,3.8649802,3.0115094,2.1292644,4.356424,1.492737,2.8126538,2.1048608,2.929771,2.8091304,1.6642463,1.9143205,2.1411996,2.2896922,3.0807858,2.510349,2.5255625,1.4663625,1.8174064,2.5473323,1.5499893,2.491396,2.998967,2.094076,1.2598023,2.9704885,0.79883486,2.763253,1.3296026,1.8408407,2.1321883,2.6580703,1.7476385,1.5407901,2.1073332
0.8717268,0.890566,3.0323026,2.1939309,2.438925,2.8025277,2.739191,2.8845506,2.163095,4.5961423,1.6913013,3.2352872,2.0651164,2.601354,2.0616133,3.5666835,1.9919679,1.8853519,2.6525946,3.0053523,4.5376043,2.4065278,2.0348992,3.4454706,3.2535484,2.9842606,3.5774837,6.4648147,1.0744052,1.307478,2.2720735,3.4652565,1.4996876,1.3175974,1.6328113,1.9345593,2.0929556,4.1597004,2.77865,1.4627228,1.8301413,2.6535869,2.8527,1.7721741,0.8280791,2.707587,2.1434793,1.1474991,3.1308103,1.8587259,1.6717337,1.6275835,1.1243668,2.1647406,3.0595803,1.3250542,2.6731296,2.5663795,1.8928679,1.9444375,3.5649474,1.3617399,2.8707635,3.503076
1.854821,1.4341708,2.3735998,2.8920975,1.7610681,1.8376858,2.6091175,1.1421266,3.0753095,4.479505,0.9509943,1.588742,3.283208,4.329325,1.8429611,1.5984623,2.3666017,1.1081786,1.9763408,1.8107941,1.555744,1.9846859,2.4894066,2.9527462,1.3227453,1.9349922,4.2965336,6.5304637,3.1920173,2.8197167,2.0571086,3.3566768,2.084735,2.1238987,2.194654,2.210338,2.4882975,2.5824633,2.1046805,2.8829923,1.6650217,0.9268409,1.7758057,3.1417954,2.458689,2.4077957,1.4877715,1.2049701,3.099101,2.8116984,1.3194848,3.3953564,2.373819,2.0333338,2.031057,2.3096025,2.6083024,2.371224,1.1237186,2.2125032,1.4565234,2.2890615,3.3089335,2.6177487
3.1607113,1.9080654,0.05688107,1.9298692,1.0607252,2.18703,1.821606,3.719058,0.33942294,1.1713028,1.6311955,1.130305,-0.18058002,3.2611315,2.0256612,1.7636819,0.17673767,2.8154335,-0.38351882,0.93494684,2.1816459,2.0686543,2.4318793,2.0649898,0.84061754,5.132347,1.3586333,3.4268277,1.3229733,1.3447309,3.2590687,2.0973551,2.1927252,1.3619795,1.1258476,1.7793105,4.266014,2.5845432,2.3888972,1.4976153,2.7883525,0.6639097,2.693157,2.082619,2.080639,1.3408501,0.5855454,1.024895,2.0759244,1.5132278,0.7083243,2.3203778,2.4922574,3.1925478,2.826559,0.38029736,2.8132925,1.8510872,1.1924785,1.1686856,2.661961,1.6488469,-0.18736267,1.3669068
1.9840739,2.8518567,0.017036617,0.40430683,1.2035024,1.3180168,-0.14067233,3.9561048,1.7540793,1.8895082,2.1489823,1.8781857,0.86532414,0.6697226,-0.40892762,1.66645,0.8249155,-0.5411532,1.092917,0.3240325,2.031424,0.06451583,1.7488189,1.0712872,0.34948874,2.5252943,-0.08022523,1.4152083,3.986183,1.744879,0.18943709,2.6711853,4.1267295,1.0656011,1.794735,1.9371159,5.701067,1.5653435,1.6530762,2.987486,1.6425564,3.4972878,0.32342,3.521421,3.0195878,0.52595764,1.4081049,1.8453438,2.6630182,0.1706276,-0.18932557,3.0994723,1.2583034,0.06398851,1.4413422,1.776324,1.3499935,2.1962056,2.0666976,2.7476196,-0.22670501,2.027861,1.5764253,1.0538561
1.7412269,3.2585802,0.89301825,1.0778692,0.72890514,3.5446968,1.7692853,1.024317,1.9106154,1.6180665,1.2514815,2.0032256,1.6029583,1.1465874,0.9965733,1.2692592,2.1152136,0.76079065,1.4530675,2.1625612,3.2429876,0.9546984,2.353045,1.4538136,2.0024824,1.2717073,0.3215719,0.59850484,2.3625941,1.6110823,0.8090615,2.6941285,2.139093,0.4052953,2.3764691,1.566246,4.5663576,0.9571912,3.8304965,2.9649985,1.2997794,1.8927108,1.2436736,1.9755461,1.9989979,1.2313685,1.6920326,1.3775549,2.0941954,2.2245526,2.4290462,2.4111762,1.0324173,1.6760032,0.86995196,3.9465575,0.83604246,3.4497542,-0.029063165,2.0804205,0.7325981,2.9982727,0.90738416,2.148748
3.2053742,2.2926745,1.360635,3.4351203,2.920859,3.572515,1.1388551,1.3767908,0.2482251,2.0653071,4.2921233,2.3320723,1.7047035,4.355365,1.3665175,0.6490156,-0.12057179,2.7774618,2.0498059,2.1701179,4.0555053,0.30200166,2.6687064,2.5905426,0.48941445,3.5431223,2.3375123,5.1750073,2.952956,1.6287143,1.7557623,0.061766326,2.2311468,1.791832,1.9585941,4.902761,0.76892734,1.4274191,0.87933445,1.6634798,2.79116,0.92728615,-0.002171576,2.5447235,4.476141,0.9823176,1.0945393,0.47338134,3.1588511,2.9106221,0.7138102,2.9385703,2.533354,0.36946493,2.5551453,1.8410208,2.209699,2.81081,3.279201,1.1154475,1.8274238,2.0820718,0.03512168,2.3994756
1.021631,1.0464431,-0.5552397,1.8750646,-0.64570624,2.105671,1.5854963,0.38715738,0.3321426,1.9834657,1.1178265,-0.024934113,-0.80565226,2.1295607,1.452672,2.5178838,-0.81230116,0.7453142,0.6316009,-0.34042463,3.636456,-0.55354947,0.55240446,1.3439362,-0.38388222,1.4099096,-0.38373464,2.7560344,0.34737766,-0.26670527,1.4362938,4.214448,0.048928082,-0.036079884,-0.44246137,-0.4688427,5.020054,1.5789057,2.1666873,-0.24098372,-0.06743258,1.0362788,0.7640882,0.5922594,0.35268426,-0.13268548,-0.32381743,0.01733172,2.1835551,1.1571084,-0.14243454,2.1730735,1.8744273,1.1464963,0.3167255,-0.03532642,1.3199136,3.212123,1.0028876,0.5180595,-0.7267767,-0.37017173,-0.7110426,0.022002399
0.9787999,5.336316,2.3735998,2.6648588,1.7610681,1.8376858,1.7943486,3.414814,3.0753095,2.2191155,4.0798874,1.57937,3.283208,1.6634092,2.0585845,4.3088584,2.3666017,1.1081786,1.9763408,1.6539819,1.0316507,1.9846859,2.0855544,2.9527462,1.2494121,3.329329,2.3434806,1.7100651,2.8052435,2.8197167,4.211232,3.3566768,2.084735,1.8957379,2.194654,2.169336,2.4882975,2.2144275,1.8731334,2.8829923,5.023597,1.5372611,1.7758057,3.1417954,2.458689,2.2584934,1.4877715,1.2049701,1.8126286,2.4947505,1.3194848,3.3953564,2.373819,3.5857954,1.815766,2.3096025,2.3356225,1.6625136,1.2036735,3.7301648,1.4565234,3.0024605,3.3089335,2.0061526
1.236927,3.993105,2.4798815,3.0225182,2.8131223,1.6565642,2.0691948,6.063618,1.5499425,2.5171766,1.995013,2.0296385,3.4647512,3.0377228,1.9162331,1.4363351,2.3666017,1.1023223,1.9701483,2.3049805,5.263291,2.6084728,1.9558122,3.0546756,3.0181813,8.363012,3.7572093,3.3379157,2.5298026,3.5372791,2.3744445,3.0115094,1.7517797,2.725527,1.492737,2.2350035,1.7568209,2.7709045,2.137923,1.7485263,1.5336401,2.141199,1.3042858,3.0807858,2.510349,2.525562,2.219816,2.6193027,3.374298,1.698912,2.0687652,2.6453366,2.094076,1.259803,3.0505118,0.87229365,2.7632523,1.1828043,1.8408407,2.1321883,2.6580708,1.7476385,2.9673805,2.1073332
1.6725006,4.501736,3.5894177,1.2182572,3.6432781,2.0603678,1.3450459,4.749869,3.968474,2.3286679,4.4258037,1.4760678,1.3080503,3.7496023,1.6343224,0.7419395,3.3835957,1.8840208,1.6569347,1.8281207,2.2222605,3.3471425,1.7096465,2.7079895,2.734335,1.5737482,3.2155066,3.1926465,2.859786,2.4606686,2.521091,2.188295,4.341875,4.586418,1.3754158,3.8243084,1.2303954,1.8181063,2.5067024,3.5543048,2.476208,5.107317,2.0607128,3.041438,4.659831,2.853866,2.2892733,2.4719243,3.1374278,1.4103817,2.4974298,1.7280018,1.5052545,2.3363838,1.9328035,2.8324337,1.8023827,1.8429443,1.6128749,2.4043782,2.3252435,1.9149752,4.1643133,2.3211527
2.5700982,3.1749396,1.7960911,2.095306,0.90386134,4.7684107,2.324842,3.9302044,0.71976113,2.1939692,3.0839548,1.9913583,2.0169826,1.8200183,3.4175205,3.3601508,2.661864,0.72858924,2.2777152,0.79637223,1.7621514,2.1067321,1.9436328,2.9636748,1.4503076,1.9017295,1.3692093,2.62156,3.9110873,3.3423114,2.0883536,4.5457125,2.9155936,1.1279662,2.2823396,3.8757343,1.161754,3.409669,2.7985892,2.1947002,1.6806142,3.1332192,1.199919,2.6035438,2.2280138,1.393852,2.5722818,3.2050643,2.8861532,1.9390527,1.8485538,2.968059,2.9197154,2.2642303,2.4572186,2.0395346,2.0474863,0.30182457,3.2442317,1.9219189,1.7501004,2.5053027,1.2260735,1.298478
3.7276907,3.327671,3.5005195,1.6677151,2.1901512,1.617418,3.1125636,3.5711865,3.9229445,2.1460354,3.652381,2.19952,1.6998221,2.6266544,1.8755066,4.759885,0.8560004,2.2378492,1.7528839,2.911457,1.0513744,0.7282705,1.5479174,1.8587334,4.5661535,2.7411594,1.2249057,3.2260864,2.161931,1.2987218,3.4074712,2.3149667,3.5225353,4.057295,0.8237154,2.4847279,0.918077,2.3045683,2.440103,2.3965895,1.2290585,2.3126788,1.2736998,1.2173061,1.7590866,1.8952024,0.67429936,1.1920536,2.1650486,2.1127696,2.2131748,2.3418398,2.2514749,3.894721,1.8809091,3.1208255,2.5676858,0.45006025,3.129972,2.2649722,2.9285817,0.77963513,2.57746,0.90776515
3.1469562,5.2139444,3.9299572,1.280438,2.1749806,1.4920256,0.93193614,2.6472118,3.3197527,5.0627327,3.1503947,1.0284288,2.5512924,3.0081027,2.2267985,2.8989382,1.0104545,2.8713827,1.0220795,3.6885488,1.6238974,1.9214303,1.3965974,2.4017766,1.5759969,2.356804,1.1378803,2.6168082,0.90400624,3.825447,1.2739291,2.8511386,3.2339563,1.6411927,3.8242009,5.5229115,-0.48389965,2.3485136,2.530166,2.3548002,3.7066183,4.6975193,3.0580938,5.6711726,2.7705688,0.45310587,1.0900645,1.1994157,1.1654096,1.5683299,1.9136683,2.284658,2.3689086,0.40911847,2.6110592,3.2838855,2.5083342,1.3668076,1.4230303,3.5768263,2.5197165,2.8865483,0.23615032,4.6417446
1.8287408,1.4055699,-0.6224975,2.4350557,1.8522403,1.2607331,2.2338529,2.7278113,1.1487145,0.9121688,1.4456105,2.0651345,-0.29108226,2.3042402,1.8112321,1.0706537,1.2767196,2.352305,-0.12827122,1.5909789,4.529445,2.9639406,2.6547449,1.7375181,0.52528656,2.4242873,2.6993995,6.270257,1.5303724,1.4830523,2.6336343,2.110453,0.79774153,1.3610065,1.1910684,0.7397267,3.627765,3.233614,1.9975221,0.2047084,0.22938365,1.1109749,-0.023094893,2.0015664,2.1414604,1.1967156,0.9039694,1.7055266,1.2169553,1.7218832,1.0490174,2.4640925,2.4124148,3.3270454,1.2439636,0.5040223,1.8303258,2.8964272,1.458331,1.3778871,2.6009378,0.99565655,0.9412962,2.6158638
1.3899233,5.2139444,3.9299572,2.4851568,3.6432781,1.7541542,1.6239406,2.6472118,3.29879,5.0627327,0.7274626,3.081723,1.2955185,2.5525427,1.1064615,3.7881248,1.623419,2.4971018,1.9261014,1.3469234,0.95823634,3.3471425,2.5081558,2.406714,2.533905,1.9629413,2.2311084,2.7209256,4.060626,0.78781646,3.2094374,3.744273,2.3454757,2.7253363,3.8242009,2.309411,4.8224545,-0.17283207,2.262363,3.3488982,2.40468,4.6975193,2.0611336,5.6711726,2.0777807,2.853866,1.4539242,3.0776708,1.1654096,2.4970002,2.4974298,2.0569212,2.3647213,2.4396129,2.9672575,2.815119,2.1112146,2.1386075,1.6128749,3.5768263,4.060051,3.7619894,4.1643133,4.6417446
3.1116488,1.88261,1.1026653,2.1797264,2.379422,3.5048256,2.0119333,1.0778394,1.4085305,1.5825837,2.1691523,1.5675838,0.17082721,3.0759854,2.122946,0.5374277,2.821682,3.0511436,1.8724174,3.1724875,2.3040195,2.2486107,2.0724394,0.36424226,1.5283077,1.9234692,1.7749045,1.8320718,0.83271265,2.009181,1.4957464,0.9500264,2.3661733,1.1701586,4.376692,1.8720565,1.9770253,1.3974458,1.9178648,2.6706805,2.771047,-0.124981225,2.2915387,1.9706647,1.7674601,0.6794866,2.804727,1.794375,1.8795811,1.4510325,1.5562202,2.2112017,2.5177312,2.9839778,2.5386953,1.401017,1.7345586,3.550284,1.6715747,1.588304,2.048682,1.4213312,2.2423291,2.7325673
2.3273292,1.9788254,3.018691,2.6409874,3.042507,1.9118459,3.0015178,3.2380908,0.4931972,2.0964344,1.7387729,2.7456079,2.6385345,1.9374037,2.7779255,4.1519213,1.9928434,1.7534366,3.2508156,2.991794,1.5191613,2.7040713,2.3750098,2.68549,1.9679496,2.7863045,2.8589346,3.4415634,2.4170573,2.0057657,2.2345443,2.183939,2.1426,3.2414122,0.9088177,2.1715326,4.2966166,2.5250611,3.82874,1.4284501,1.0914061,2.3338766,2.4938235,2.0782878,2.2950747,2.840828,1.8001804,2.0216234,2.6981826,1.9732245,1.5706254,2.646637,2.3502274,1.9838169,2.053463,3.396257,1.9589739,1.1493467,2.3086972,3.013752,2.19738,1.2700708,2.5267987,2.34521
2.1019607,1.6491703,1.2086242,2.1298866,0.8475235,2.1159801,-0.54605603,6.063618,-0.45759353,1.5953331,2.0550706,1.6711638,1.9118727,5.8722467,1.1927719,1.7925789,1.5485823,0.2583344,0.8030785,1.0600171,5.263291,2.5985854,1.9407725,2.8747647,2.8185227,8.363012,3.9095182,3.3379157,1.1848491,3.5372791,4.967331,2.5022967,2.3209581,1.3558867,1.032656,2.2350035,5.7664394,0.82086563,1.059371,1.9386132,-0.42153597,1.3535448,0.5834128,2.1407049,1.6928654,1.620506,2.022905,1.7965374,3.374298,2.295329,0.7569469,3.2420607,1.3062267,0.33062428,2.8323464,-0.17737812,1.1533523,3.7523117,0.79563963,1.4283926,-0.08827406,1.3329425,2.7816842,2.1707625
2.4083273,1.4055699,5.786376,3.1842551,2.5114439,0.76745135,2.8139963,1.8777962,2.804622,4.4956207,4.2807274,2.0015264,3.2177734,-0.03465432,3.2109118,1.9278936,2.4651172,2.1458914,2.615071,3.147295,2.4155798,3.1054046,1.8511472,1.916424,2.3839378,1.9184939,2.6470802,2.0615995,1.6312621,2.2066343,2.2338214,3.0024216,1.5763568,3.5075815,1.3040161,1.3822546,2.984468,3.2186532,3.8134153,2.5218813,1.9169846,2.0531344,1.6277039,1.777524,1.9915364,3.1834774,2.7895942,2.0861425,1.8281933,2.621952,2.4581532,2.8880973,1.823627,2.1292133,2.0326781,2.3656676,3.0903125,2.4142747,2.4497004,1.866708,3.1657372,1.3518326,3.4369514,2.6400843
2.412774,4.071928,1.6760275,2.5142977,2.5114439,2.4975238,1.8898927,3.952259,2.804622,1.7912214,3.1824908,1.3783586,1.7203964,1.8064475,3.1640177,2.931217,3.9189203,2.1458914,2.8780987,2.0197763,1.5633689,3.1054046,1.8568661,1.6798108,2.1952894,2.3513994,2.6470802,2.6694522,4.2827005,1.8289802,1.8479178,2.3774054,3.4868665,3.5075815,0.9325338,4.323548,2.9157481,2.518497,3.077668,2.5497363,2.0645921,4.6943817,2.0556257,1.1565323,2.4091942,3.1834774,1.8586042,2.0861425,2.762754,2.7621322,2.4581532,2.4194188,2.5384202,2.1292133,3.0310216,3.123612,2.5243456,1.5418528,2.8329983,2.3391566,3.1657372,2.1972816,3.4369514,2.6437669
2.2798464,1.5283524,1.8582299,3.339679,0.87110955,2.90448,2.2405772,1.67454,0.7739953,1.558362,2.104135,2.0391204,3.2752209,1.3486357,1.8848367,0.8711489,0.763011,0.9067566,2.7900012,2.0468252,2.0097933,1.6071868,3.0187511,2.3145545,1.6733501,2.6443567,2.3375123,1.9738128,2.7251177,2.8338225,3.3465614,1.5304399,2.8052173,1.6894324,3.6319792,2.7492657,0.8288044,1.8495947,3.1654553,1.9750383,1.279772,1.997059,2.6029081,2.2590597,3.3635318,2.301511,1.946558,1.9338827,0.88552797,3.0959249,2.0076256,2.912155,2.3459167,2.491074,2.46101,2.2226958,2.9177117,2.2554493,1.6407288,2.4294589,1.5883107,0.8761427,0.99421823,2.3404756
1.796818,-0.35390282,0.38900542,2.3540676,-0.5154277,3.9243093,0.53398645,0.4610495,0.09773117,2.1453955,0.87090176,1.1675627,1.3226594,2.0444074,1.8088,0.62998265,1.1961827,1.6001034,0.04924065,1.4022834,3.388475,2.3088481,1.150305,3.16119,-0.29501358,2.003118,2.168693,1.6652443,3.2871563,0.6616264,1.3365843,-0.3629543,1.315168,2.4101696,0.74179095,1.4685962,3.1858296,-0.008070111,1.5301158,1.0711328,0.096188486,1.7127973,0.9042106,3.493637,2.0494797,1.1335561,3.2668974,1.4444749,0.12974524,3.1327171,0.6646378,3.6750863,1.6806774,0.25037283,2.4218674,0.47962338,0.9156012,2.5298395,1.6902026,-0.23567864,0.3827018,1.3440056,0.42674303,2.6945214
2.4243338,1.0358366,1.512851,2.762512,3.8755198,1.7982256,1.4297143,1.6632252,1.3749626,1.0050063,1.5609047,3.6119094,1.7169524,1.8130915,2.4567747,0.40951246,2.7827957,3.6453168,2.7362585,2.4731746,1.1612526,2.3112922,1.9835088,1.2426407,1.9557142,2.4875045,1.9251499,1.9788024,1.5515201,1.3497925,1.8094523,0.99977064,3.1080408,2.2543988,1.1848629,5.501312,1.4945409,3.8898935,2.537453,2.5312407,3.0877097,0.8300512,2.7836123,1.7931395,2.248164,2.0283515,2.6541731,1.369062,2.795239,3.080634,1.6011904,2.0585437,0.3259521,2.9531894,1.5921391,2.013781,3.1915715,2.2915187,1.6540483,3.7966058,1.4133861,0.93035,3.209546,2.9006076
1.4770947,1.7948381,2.514761,1.4462285,2.1698124,2.62881,2.5598621,1.2424865,1.1115756,2.3063595,2.1804826,1.8794286,1.507294,0.99089915,2.3824656,3.1369455,2.3980231,2.3764052,2.8379798,1.8237152,2.0818071,2.4115286,2.1138363,2.0743623,3.1979434,1.2962683,2.0195627,1.9645181,1.165834,1.2227826,2.549065,2.96098,2.5611105,2.5729277,1.7262352,1.5508573,2.67319,2.3398104,3.2790382,2.0389588,2.3317742,1.578312,2.2832637,0.74530804,1.1207088,2.501552,2.7504816,2.12168,2.3330922,1.653823,2.2643123,2.8646975,1.9351091,2.0809746,3.0783677,1.3797817,2.4180741,3.604518,2.1928964,2.1321185,3.315285,1.4811664,1.2598159,2.3683648
1.7059481,4.068039,2.55696,1.4280176,3.794433,2.1174,2.5581717,4.5424075,1.355413,2.464334,2.8550231,2.0860384,4.5305986,1.5249345,1.5422082,2.6392622,1.9423351,2.8035607,2.323486,1.7665217,1.9578489,1.5681207,2.1391249,1.7747571,2.3492277,6.7603307,1.869673,3.2599373,1.1277333,2.3536484,2.7527757,2.1421108,2.6570706,1.2083819,2.3981216,3.1642644,2.252508,2.9285936,2.3701792,2.3244133,1.6439748,2.0906172,2.2487464,2.7189074,2.2393234,1.6476331,1.5426407,1.7386148,3.397666,1.8347505,2.170167,1.616216,2.6248243,2.3320067,2.5583615,1.4858701,2.2269685,0.69313276,2.1457086,3.7152612,2.9068382,0.9764524,1.2699071,1.1062653
2.0394974,1.7734741,6.40444,2.896956,3.1732562,1.9779253,2.2608557,1.5969324,2.3593779,4.64584,1.996464,3.1099384,1.3654953,1.8121257,1.6548197,3.6958635,3.673364,2.256994,3.5282443,1.4127941,1.1021451,1.310154,1.8220768,2.1843119,2.5795248,2.138452,2.615186,2.5367706,2.5384412,1.6502755,3.3046246,3.7906225,1.8668314,1.446013,3.1910613,1.7937295,2.5819423,2.2922935,1.7499886,3.651285,2.3504465,1.5272807,1.3991575,4.7244487,2.942894,3.1568208,0.92507184,2.0999413,3.2419,1.362506,0.9776379,3.128155,2.2186496,1.6392775,2.9274454,1.6838009,2.0224109,1.7006944,1.8990501,3.4945142,2.55692,3.6752007,2.5138602,1.4005231
2.4083273,1.2938321,4.038145,1.3687966,2.5114439,2.5824163,2.177412,1.7876139,2.804622,0.65430933,1.5975511,3.62012,2.8018427,1.6964581,3.6957827,1.7424166,2.4584537,2.1458914,2.4549382,3.0522676,1.5485951,3.1054046,1.7983456,2.6852543,1.959156,1.8635858,2.6470802,2.6444554,4.2512703,1.8204818,2.2468843,2.8493998,2.5312371,3.5075815,2.6572387,1.4093976,-0.032126725,1.6788446,3.0105672,2.5218813,1.5359704,0.6735878,1.8674603,0.8849431,2.1160078,3.1834774,2.2639866,3.0792387,0.29506052,1.5859565,2.4581532,1.9604878,-0.3448819,2.3436916,2.29706,2.162143,0.4770885,2.5831857,2.4497004,1.5824158,3.1657372,1.6397257,3.4369514,3.482736
3.5038052,5.757347,1.9914775,3.1582036,1.1860647,0.93456227,-0.3719108,3.6409607,2.8044329,1.6747899,5.266796,2.444228,1.6708821,2.532959,2.2981768,1.8037252,2.8374186,2.089578,3.578829,2.0688765,2.6223044,3.189748,0.45791477,3.7753332,4.885391,0.4837649,4.826427,0.26308244,2.9854462,1.6919541,4.8205976,0.93028843,2.5325131,2.845772,0.2807579,0.82196563,1.075737,1.6048099,3.4161503,1.7527914,2.0561013,1.853228,0.85485905,2.2252622,3.3778608,3.1415782,1.1978672,2.5197122,2.0194988,2.441606,0.88562965,3.2263188,1.9573736,3.0716028,3.2727146,0.26172632,3.0359297,1.3611575,1.2205393,2.4086401,2.8919778,1.120786,3.3561037,1.3994318
2.4786973,2.522334,3.245622,1.2536261,3.6432781,1.8048763,2.4282794,2.1647923,4.5354753,0.9753254,3.5986547,2.067531,3.5190892,2.3271499,1.4305842,0.6069372,1.4090624,1.8840208,2.593961,3.3468373,2.505476,3.3471425,2.1546767,2.060826,2.4169056,1.5982195,3.0699408,3.9595306,2.0709412,2.4680967,3.282648,3.215334,1.9934117,4.537003,2.4034622,2.323161,1.0967966,1.8793193,1.7289064,3.6046226,2.3161054,1.4541534,2.0607128,1.6168191,2.8765545,2.853866,1.5539021,2.5391428,1.0415913,0.8866435,2.4974298,1.7195523,0.47232896,2.3363838,2.2941804,2.1117294,1.7932527,1.7524365,3.1341043,3.418165,2.656712,2.1557035,4.1643133,2.3200364
0.17450982,-0.6207169,-0.7429812,0.50794226,-0.64570624,2.7473364,-0.16482097,0.16912311,-0.7172718,0.82356006,-0.8180085,-0.18449277,-0.80565226,-0.5184345,-0.9447999,-0.48115522,-0.85741496,-0.06268239,-0.7675969,-0.82933027,2.9378996,-0.6805851,-0.86592835,2.7942655,-0.78372073,-0.17102104,-0.40250376,-0.112131536,1.4044266,-0.7690062,-0.1961667,-0.7590864,-0.7160846,-0.71563035,-0.7191103,-0.6100045,11.944166,-0.796986,-0.7520125,-0.6691792,-0.6394139,-0.4755382,-0.7978737,2.9781935,-0.69896436,-0.33715326,-0.8859656,-0.7972712,1.8845309,-0.107608795,-0.8211818,2.303519,1.5135939,-0.76633877,0.60903573,-0.7864552,0.39783615,4.4266787,-0.7138177,-0.61539865,-0.7965682,0.23353088,-0.71606994,-0.81559265
3.0545514,1.5283524,-0.7429812,2.445788,-0.11363053,3.6342955,0.73952925,2.301013,1.995955,1.3021431,1.1424618,1.9746215,1.5676538,2.915732,0.66963196,1.5973387,-0.31544363,2.6972725,-0.7675969,0.31153244,9.10915,0.19753432,3.0187511,2.3145545,1.2414215,3.3016505,2.3375123,0.5969357,1.4091496,0.041070044,2.9234166,0.11694187,2.730101,2.609357,0.16243863,3.9694767,4.024255,-0.6710597,0.4236989,1.2286748,3.0138927,0.2721464,0.04025346,2.2590597,3.3635318,0.62908775,1.4337668,1.8316798,1.4690396,3.095924,0.4927199,1.8733363,2.3356318,3.3128457,2.4760098,-0.60729027,2.5556085,1.498787,11.529671,2.8834472,1.0812624,0.8487409,-0.48830163,1.8629667
2.952112,4.1693993,1.7568159,1.6618814,3.6432781,2.300345,1.3450459,4.2312675,3.29879,0.967349,1.7995422,2.3177805,1.2955185,2.0920193,1.1631603,1.5395758,2.2833598,1.8840208,1.6536663,1.0331595,2.117383,3.3471425,2.2164016,2.451197,2.3211217,2.812477,2.178063,2.6008756,4.44116,3.020371,1.5569706,1.6698601,5.0137353,2.7253363,3.1285615,1.798909,1.8798473,2.224875,1.1432695,3.5029886,2.3161054,3.5322623,2.0607128,3.00875,3.3073723,2.853866,1.6182699,2.6471786,0.7047403,2.3505554,2.4974298,1.0588033,1.3786125,2.3363838,1.8502637,1.8604686,1.3796725,2.2525945,1.6128749,2.6064868,2.3252435,2.4271505,4.1643133,2.0496035
0.0075163245,-0.09887415,2.6248202,-0.5203035,2.5864692,3.4627376,1.2783216,-0.6484118,2.6474843,2.3445187,2.3357697,2.194447,0.8603728,1.6507609,3.4140787,1.2537804,1.7589538,1.8436453,3.721032,0.20597535,9.05116,0.14010453,1.98334,2.7551837,0.31969535,2.5982924,1.1832924,2.2176497,2.364657,2.6739643,-0.20684105,0.30567896,2.20432,2.481343,2.2442017,3.4943666,4.2738314,0.7172402,3.4343574,1.160853,0.15260726,-0.19594061,0.5438898,2.3960185,-0.07035637,-0.71019155,2.9132662,1.784868,2.2572384,0.72591424,0.9210087,2.5659406,0.8928979,0.2963335,2.2101111,1.4630692,-0.43928134,3.1958394,10.977695,2.4293995,1.7818446,3.6606963,0.27790123,2.154345
2.2798457,1.5283524,2.375992,2.894961,2.4334273,2.90448,2.0383415,2.2155035,0.6133982,1.558362,2.104135,2.455183,3.2752209,1.3486357,1.34917,1.1154773,1.3691521,1.7034931,2.835092,2.0468252,2.0097933,3.0360272,3.0187511,3.2838004,2.9835036,2.6443567,2.9089181,2.153573,2.8276477,2.8338225,2.9234166,1.5304399,2.8052173,2.3100848,3.6319792,2.7492657,2.1695185,2.3543167,3.1654553,1.9750378,1.7711554,2.0272985,2.0466611,2.2590597,3.3635318,1.7621808,2.1091545,2.4996371,2.8734736,3.0959249,1.5326818,2.998967,2.193612,1.7519374,2.3433104,2.2226958,2.6588821,2.4957461,1.2753882,2.5150914,2.0040283,1.5475154,2.9483597,2.070238
2.1951246,0.9021528,3.140957,2.450251,1.011771,2.0672376,3.1027832,3.4563837,1.2860422,2.634534,1.575146,2.1746016,3.0913095,2.2403173,2.493589,4.0877275,1.979387,0.5903992,1.2883546,2.5934095,3.4263582,1.6360044,2.1178393,3.2860963,2.3060112,1.6287929,1.0825183,3.5478508,2.901787,2.5473166,2.9429312,1.8287258,1.304377,3.1933687,6.295649,1.948288,0.8928883,1.2711722,2.060502,1.4547698,2.038912,3.0508904,1.6724496,3.0859828,1.6968625,1.8115387,1.844507,1.7148457,1.1472386,3.1855464,2.5812688,3.2918732,1.8777611,1.5181088,2.1155243,2.494862,1.8353922,1.5040714,2.4133658,2.1688197,2.9067025,2.789105,0.3243451,1.6211723
1.3441494,1.2806257,2.0735133,3.010177,1.9174082,1.6634319,2.1283884,2.7278113,4.6548214,1.0341156,1.1229889,1.9079652,2.9288988,2.3214104,2.524068,1.9706347,2.540545,2.352305,1.417845,2.8604999,2.2165341,2.9639406,1.8631332,2.459949,1.5346143,1.2039056,2.6993995,0.87686366,1.9988,2.899018,0.83441734,2.3677878,2.3957934,1.0944769,1.2668769,0.7397267,0.70297205,1.9758133,2.1377304,0.63132787,1.3563261,1.997059,3.8655474,2.960718,1.9506171,1.3703411,1.946558,2.461015,0.3843838,1.6384941,1.9207004,2.389418,1.5252717,3.3270454,1.3837315,2.7877595,2.0778253,2.8964272,1.6407288,2.4939442,2.6009378,2.5471127,1.3562975,2.8331304
2.0286484,2.7082496,0.09670204,2.5425272,1.030304,2.2754312,3.3154774,-0.30544072,1.7747345,1.169245,2.1780813,0.8528909,1.3100103,2.245615,1.2313068,0.9908063,2.3494072,0.37399584,2.054013,4.265322,1.7291182,1.9154575,2.769472,2.3944511,0.6216079,1.5870777,-0.4034074,1.7226396,2.1885705,5.016389,0.10765123,2.2641985,2.1094122,2.592495,5.768105,2.7598455,2.1835678,3.8321671,5.084758,1.2006757,0.83407694,2.5762467,2.6382806,2.467102,1.4461708,-0.5942734,2.2378154,2.0825863,2.3539586,2.1274495,2.3401294,2.612362,1.7504241,2.584044,2.554111,3.3696976,2.4810615,1.5344957,2.0772524,1.6445322,1.4508495,1.2949955,0.385584,2.0451064
3.8425841,1.3901547,3.196881,2.9193156,3.2498178,1.0181406,2.6203442,1.8466189,2.0606608,1.3605077,0.31959754,0.0996865,1.0715755,4.820923,2.8681145,2.4057472,1.1498046,7.6996017,1.5652797,3.5851576,2.456912,3.6257012,1.3285503,1.519942,2.1863606,1.5423216,2.5606587,2.8631701,3.980705,0.80632335,1.8276794,2.4159715,2.158733,2.973456,0.94147986,3.5941782,1.2617989,0.3648963,2.6928957,5.2448645,2.5414717,1.2760149,2.1425204,2.5036118,1.8714538,2.6944914,1.2182355,3.5314631,4.6278834,1.5830237,2.0320096,1.6831956,2.8619506,2.1833136,2.1496396,2.5671349,3.4452548,2.1171188,2.1936226,3.9781315,1.7571597,0.079254985,2.9013288,1.7378789
2.6773696,3.049839,3.6670039,1.8854377,3.3368459,1.8726673,1.0222846,4.559085,3.1192582,1.7367013,2.6031232,1.7918227,1.0252887,-0.0005930662,1.2253199,1.8376513,2.8275552,0.077938795,2.0425427,2.6916847,1.3063196,-0.26184428,1.5371284,3.3435547,0.6668335,2.2169962,1.6836121,2.3949294,3.132496,3.5631523,2.5369346,1.8845868,1.9941529,1.5499196,1.8128793,1.3353262,2.3967614,1.252653,3.1249862,0.29158813,1.6860383,3.7289662,2.6563277,2.3320618,2.5085728,0.92653626,3.042685,1.796984,1.4482056,0.8722632,2.1829624,2.93228,1.5576549,1.7797925,2.5757632,1.7620401,2.0558813,1.9045216,1.0748439,2.3328228,1.536109,1.5235069,1.2396921,0.34762716
1.7025299,0.6029222,2.0533364,2.0948088,4.20173,2.3705,3.0296965,0.054136276,2.789537,6.12582,2.4671168,2.5076659,2.7746463,1.4148631,0.3555752,0.256391,1.4842606,1.470515,3.4463747,2.118751,2.8625197,3.0954008,2.60215,3.0553744,3.3441613,0.66399086,1.807322,1.8989666,3.3490784,3.6213322,1.894187,0.42768204,6.695428,2.2201385,1.5499218,3.8685837,1.6867864,1.6192869,3.3325393,4.3154163,4.683265,3.6916957,3.4836028,3.4758239,1.9972801,4.2027087,1.7184124,3.33599,2.3778563,1.1298865,3.6269135,3.8471549,1.3269587,3.3118095,3.44517,2.07065,2.591964,0.31563377,2.7228289,3.682017,2.2703764,0.8053424,2.8592854,1.7276946
2.8240218,5.051269,1.2363163,1.3523991,2.976908,0.86731106,2.3020706,3.0351682,3.271506,4.7428527,2.2497313,1.0866864,2.451264,2.8983228,2.2395844,4.0755115,2.547712,1.530616,2.0835023,2.8726897,2.5137959,1.2855573,-0.2055667,1.2174942,2.8351521,1.0372599,1.3960054,2.5863824,0.2853173,2.9661515,3.2064364,2.1010337,4.099673,4.6750317,1.9861739,2.6524868,2.594961,2.120718,4.0076017,2.350429,3.2196546,1.0209975,2.2289567,4.4241767,4.48672,1.2614355,1.8669612,0.93814856,2.1980853,2.1219602,0.55882835,1.6842744,0.17792308,0.84476525,2.7451496,4.67318,2.5555708,1.3719467,2.8243752,2.7104552,2.0711222,1.068176,1.097427,1.9310614
1.3924761,1.2555109,2.4249551,0.29490858,1.8522403,1.8639877,2.1283884,2.7278113,2.2822564,3.4929028,1.3216002,2.4755807,2.2890415,1.4412086,2.9326475,4.282705,1.4118896,2.352305,3.6140501,1.9690404,2.2065253,2.9639406,1.4734981,2.3439856,1.5309017,1.1784748,2.6993995,1.9877388,0.8070564,1.2729082,3.0982149,1.6388657,3.008822,1.8054838,1.5071983,0.7397267,3.3248985,0.3462826,1.2784231,3.2840128,2.1131082,2.35147,2.3689091,0.6901052,1.2337302,3.7749813,2.1576054,2.3030636,1.1033474,1.4522039,0.12717164,2.185195,2.1052268,3.3270454,2.8203716,0.30786186,2.4255967,2.8964272,2.6005054,1.4167764,2.6009378,0.79544574,1.1311659,1.7136694
3.1132982,5.667697,4.772216,1.5619397,2.408843,3.1954403,2.0030093,2.107301,3.6214256,4.3058195,1.579072,3.4203277,2.8932896,1.6964581,1.0012302,1.1075268,2.9225376,1.1038911,2.3337216,1.9270723,2.029335,1.720815,1.7272437,2.5657747,1.5026488,1.4497362,0.62492305,2.6849768,3.9637249,1.7269847,1.2467569,2.8493998,2.5210419,2.8183434,1.6226933,1.9348288,1.4272146,2.2753224,2.7742326,2.1599295,1.6571116,4.125317,2.2863994,3.9482732,2.6535108,1.2537134,1.3931146,3.3127308,1.5347668,1.5414547,2.6469135,2.164144,1.9993477,1.7057238,2.106173,2.7416027,2.017598,2.354175,2.4391823,3.2665262,3.3030956,1.533328,2.758005,2.0745673
3.1132982,3.880869,1.4907916,1.5619397,2.5864692,3.1954403,2.664177,0.40722984,3.6214256,2.3445187,2.392336,2.3904505,2.8932896,1.6674051,1.0012302,1.2365661,2.796229,1.8794498,2.505197,1.9270723,2.029335,1.7866998,1.7218347,2.4074144,1.5026488,1.4497362,1.0317535,2.2176497,1.4918876,1.7269847,1.2467569,1.4657149,2.2765188,1.1052346,2.2442017,1.6888919,1.8579876,2.2753224,2.7742326,1.3831601,1.6571116,2.3415265,2.1457958,1.356494,1.5219882,1.2537134,2.9872139,2.5065873,2.1966333,1.4921535,2.6469135,2.4413319,1.9993477,1.7057238,2.2101111,2.2967105,2.017598,2.354175,2.4391823,2.1497068,1.7818446,1.2943373,0.4696319,1.3663024
1.655916,0.7410283,2.3306973,2.847501,2.4501321,1.8570888,1.2700442,3.6563892,3.0918238,0.97371405,1.9288335,1.5077276,1.5759131,3.6176648,2.69476,8.417394,1.2003572,1.5593188,1.9158502,1.5926998,4.449747,1.885119,2.1612766,1.8154612,4.619478,2.1261792,1.4740741,3.2546337,1.9032497,2.0457063,3.4443464,1.6595407,3.5224113,1.8211732,0.798878,4.748579,2.127367,2.2629008,2.9785876,2.362995,1.5012319,1.4922057,1.8042073,1.3953125,2.2768846,2.3491423,2.2062752,1.1111963,0.8967539,2.8708048,1.542523,1.8971858,1.6601272,1.7240736,1.9251472,2.801135,2.6578653,1.1984347,1.3338977,0.21122229,1.3364329,2.2860136,2.371478,1.9541365
2.8705072,5.1486945,2.0517664,1.5171297,3.2485595,1.5289633,3.0632243,1.0207028,1.7746987,2.5362928,2.5522807,3.2527285,3.6463337,3.0289478,1.2746952,0.6569349,4.5428905,2.9439874,3.5035894,2.1971486,3.2716947,1.9739938,2.1334774,1.1345346,3.455706,1.5324782,1.8902297,1.1579006,3.034584,1.3476608,1.4662142,2.576558,4.2585926,1.3286691,3.1315584,2.3121202,2.551505,2.5172138,1.3508418,3.0237982,2.211734,4.100512,1.8101861,1.3530715,2.7042599,-0.22119784,1.7170162,2.5270402,3.0773969,1.0407249,2.3178668,2.243922,2.377361,2.3181794,2.115384,2.8915803,2.3073568,0.22475994,1.8169366,4.2921352,1.5631185,1.9436276,2.736169,1.7983948
1.8354964,0.50830436,0.720966,0.6999032,0.25580728,1.9773777,1.963766,0.7430275,1.5267284,-0.515135,0.22353297,0.31288475,1.2885624,1.9845238,2.6246114,-0.106057346,1.1154314,0.81639665,0.5281926,1.8755348,3.5655932,1.4136314,1.1250846,0.18170959,0.4119196,2.6384625,1.337647,-0.1388888,0.6636182,0.28181928,1.2204313,2.806001,1.6661628,2.8113987,0.31188935,2.0424025,5.1505423,-0.28782773,0.8942015,1.0976944,0.489214,0.72597146,0.4252661,0.79212224,2.1011798,1.2072325,2.7163198,0.5086648,-0.6463641,2.8287153,1.2919887,-0.6881011,-0.72186655,1.6156592,0.38417673,0.13999295,0.13202947,2.3734355,0.8814745,-0.5768749,0.9723832,1.5575016,2.1005824,2.5727797
2.2081978,1.8417863,2.614663,2.35731,1.8522403,1.9118459,2.2367468,2.7278113,3.6948838,1.4184661,1.5103068,2.2932444,1.5105568,2.3279233,3.1797318,2.2348444,1.8311374,2.352305,2.9980876,2.8220057,2.2274213,2.9639406,1.8193321,3.2950451,1.5525427,1.2101148,2.6993995,3.1884947,2.8236423,2.2418437,1.47612,3.0675132,1.9319578,3.6878488,1.6980226,2.1805317,1.3222437,1.8793186,1.7289059,3.8996165,1.6900859,2.4004297,2.3963978,3.2302766,2.2950747,1.6766214,2.5060875,3.4618406,0.9275093,3.0539584,1.8288399,3.1852458,1.4079349,3.3270454,2.2580237,2.7138224,1.7932527,2.8964272,1.982005,0.9260037,2.6009378,2.0380788,2.8414762,2.3329663
2.1598203,3.3483272,2.321257,1.1661699,2.8653738,2.6276336,2.9072223,1.2484283,1.3811419,2.0948026,3.3777537,2.6797974,2.175828,2.2810671,2.5130754,1.3953588,2.9509537,2.3390105,3.4433682,2.5726984,4.013849,1.8744657,0.8448134,1.8155224,3.0403378,2.7591567,2.5451927,2.7431395,2.9149835,3.9734364,2.141621,1.8694954,2.4500794,2.344176,3.9359524,4.1215105,1.8555045,2.6581016,1.679378,2.8559182,3.8873749,2.1684647,2.2124014,1.8064883,1.2879796,1.078201,2.489905,3.105257,2.998145,1.8802632,2.9052434,1.8772168,1.2466187,2.6917875,3.2187996,2.7791562,1.8593581,2.881867,1.6915296,2.281421,3.2387679,2.1850407,2.929292,2.4511733
2.399113,4.138918,1.2393122,2.712012,2.7785776,2.146929,1.7292331,1.891043,1.1531126,6.0212913,-0.053313315,1.2926276,6.1230464,4.100927,2.0131738,2.2172694,2.3299065,1.4392326,0.96620303,0.5290918,1.3177654,0.8560905,2.447838,2.757981,1.6305468,1.6801835,2.3375123,3.9621265,3.162862,2.2260108,5.2782598,4.76982,2.9196095,5.4955635,1.1927686,2.247129,3.3445997,2.967764,1.6495306,1.7891586,3.5805812,0.72360086,3.7737534,4.6051264,5.3327703,1.2729988,2.5653946,3.2325702,1.4640762,3.236196,4.0073705,2.3001804,2.2489638,0.7089005,3.041708,1.1664236,2.7745993,1.4035646,2.9058962,2.3541775,3.7193372,2.045112,2.2102878,2.9119463
2.0309632,1.2613963,2.1343205,2.07554,2.4285874,2.6865454,2.3924007,3.7723026,2.886465,2.4068747,2.330065,2.6325784,3.2504158,3.3965192,1.0305543,2.2495046,2.1998115,1.3063183,3.025274,3.0714476,4.43022,1.2960379,3.2847612,0.811022,2.625037,5.409583,1.4033022,2.0772398,2.123766,3.5876884,1.1049796,1.4202185,2.0844922,0.56042427,2.265317,2.504095,1.4423127,2.4453688,3.451131,1.4782252,1.5632775,1.178769,2.8408473,1.6696701,1.514034,1.1709659,4.1977053,2.094565,3.282845,2.0551953,3.3168182,2.0048964,1.8449264,2.320735,3.9371028,2.7499776,1.0170557,1.8508793,2.5268464,2.1348119,3.366967,2.588677,1.663446,2.3502903
1.756614,1.1274644,0.783293,3.089628,-0.16257745,1.9946485,1.1470538,0.83058923,4.413097,2.4982421,2.1597283,2.1885245,2.317103,2.0296817,2.2008376,3.1976967,1.3651836,0.3408621,2.820868,2.8106427,3.4205494,1.0907948,2.3274307,2.6427283,2.479778,1.5118989,1.3359587,2.1486976,2.5747614,2.083773,3.0921519,4.5718346,2.2327495,3.1234505,3.3289459,2.6135304,0.9422134,2.1394315,2.445554,0.42543733,3.1837466,2.9845495,2.658246,2.678912,4.0278454,2.674847,1.708076,4.5344353,1.3867439,2.027722,2.3712983,2.1385813,2.3365414,0.841628,2.4503489,2.4940965,1.6339624,0.51647174,1.0339377,3.2229,2.073851,2.9377267,2.6450799,2.7713466
3.0545514,2.0838394,0.9469632,1.9298713,2.2023294,2.4985974,1.3809522,2.1297376,2.1534753,2.62723,0.8481235,2.476895,1.9014095,2.915732,2.985865,1.9645257,3.4407542,2.6972725,1.1755099,1.6280341,0.9356066,1.1869946,0.4044301,1.9991884,3.0191326,1.0014985,1.1043787,2.8147993,2.6075993,0.92904276,1.3766637,4.5457134,2.701005,2.7763903,1.0239453,2.645549,0.7959864,1.9641737,2.2467978,1.2286748,4.3724704,4.289524,1.3764081,2.9132133,2.4354572,1.0945053,0.21092641,1.4944096,0.9168335,1.862157,1.2809952,2.803979,2.6933563,2.8028836,2.4760098,1.1336079,2.7150831,2.2562466,1.1688417,2.2280974,2.7542062,1.9274218,1.8646297,1.3832229
1.5307984,3.1177263,2.4474747,1.898839,2.4174612,1.7217152,2.7123752,3.046437,1.8715839,2.7671304,2.892338,1.5480659,1.641554,2.2929842,1.3601031,0.33930933,1.5296197,0.43251854,3.1417093,3.28527,0.8300618,1.0350842,2.2207189,2.1541836,2.5536678,1.7477766,1.7296462,1.9026017,2.074158,2.8318443,0.58644855,4.214448,3.6974778,1.1511607,3.61262,6.440477,0.60831606,3.0597239,3.1289117,2.1722336,3.4098864,3.0266528,2.4813726,2.3945482,2.6181984,0.036014438,2.7346447,2.6163545,0.35243142,0.4436227,2.3187332,2.6383052,1.0748849,0.365498,2.2434826,5.45398,2.9991603,0.8481971,0.95670366,4.476638,3.407048,2.0230515,2.1631634,1.5156003
3.0320742,0.9226699,1.5620141,3.089628,1.3174934,1.9946485,1.8661643,3.734002,3.163841,1.5998137,0.72641057,2.1885245,1.7138408,3.0905855,2.8227193,1.1877303,2.2841456,3.0783572,1.035944,2.6127625,1.4766053,2.8244693,2.3274307,2.6427283,2.1850464,2.2369642,2.0046716,1.2713623,2.5747614,3.2278624,1.7154267,2.0766573,2.681644,3.1234505,7.078521,2.5212002,1.9517553,1.2286226,2.1871986,1.4924088,2.6427438,3.4350848,2.0033872,3.6784225,4.0278454,2.533458,2.2105181,2.7136295,0.7366617,2.9958816,1.6583127,2.1385813,2.3799648,1.9583223,2.314042,1.8699713,2.3011682,3.4785442,1.5667454,1.2837547,2.1584826,1.6339886,2.0140135,2.7713466
3.0320742,0.70100677,2.060074,0.5840439,2.6580272,2.2428906,2.3992743,0.8597205,2.380857,2.5233936,2.6036937,2.854722,2.9468446,3.0905855,2.3766012,2.5559113,2.301145,3.0783572,3.1091075,3.1483068,1.2553815,1.6536832,1.612858,1.5291986,2.8597772,1.0212715,2.0391285,1.5078905,2.7151403,1.7667155,1.4564061,3.1795866,3.0053277,2.968646,2.1688151,2.5570414,1.0989195,2.8935633,2.9119127,2.357253,2.6427438,1.7343246,2.3052776,0.9780625,1.3029265,1.1039364,2.051877,2.201946,2.6390142,2.0854383,2.5616016,1.6085374,2.3799648,1.8643796,2.314042,1.7253394,1.9900131,1.4946107,1.4354836,2.4281297,2.2083313,2.5098128,3.2111204,1.4506959
2.19773,2.690247,3.4050076,1.0896297,2.2973158,0.7457954,2.204965,1.7702606,4.0535116,2.1757858,2.1051435,2.4372752,0.4166422,-0.5528684,2.0001032,1.8131316,4.1780405,0.67490464,0.9024773,3.2823794,0.5081111,1.2176023,2.315074,3.2342696,0.12332958,1.8125798,1.2042596,1.3854902,3.9156039,5.3698044,2.726891,1.4594114,0.54949605,1.8750842,0.7456263,0.01376152,0.56064606,1.3747531,3.9033291,0.835377,2.013636,4.1308365,2.4768806,1.4570856,2.034143,1.2947118,2.3567264,2.9002151,0.6379789,1.709124,4.760878,1.6701624,2.2302713,2.137263,3.2024236,1.7605431,3.474257,1.4824723,1.1604152,2.5312445,1.1863351,1.8453426,3.538759,2.2261772
0.8318315,1.0871797,3.6107347,1.6844363,2.4389803,1.9976985,2.65632,1.0198889,2.0047452,3.3208816,1.8355832,3.58701,1.68983,0.33572894,2.4305892,3.1391296,2.3865175,1.7581637,2.787792,2.7528021,1.9256822,1.5676439,2.7152963,3.3629687,2.4938169,1.0316277,1.3099408,2.6812747,3.741328,2.9801626,2.8694625,1.5122592,1.3892683,0.23879689,2.04811,1.9345593,2.2086608,2.6774597,3.1288755,1.4627228,2.065896,1.1325961,1.7949882,1.9639065,0.6050359,2.8343835,2.2633765,2.3735218,2.9448395,1.0438513,2.8475342,1.9867094,2.2765703,3.0663817,2.726119,1.2560189,3.7100196,2.2128668,0.9305804,1.9250107,3.1712866,1.6668575,3.180534,1.9927984
2.6692572,1.9932655,1.6026444,2.1553946,2.5114439,3.0986576,1.8898927,1.7876139,2.804622,1.239697,1.8820605,1.511509,2.460359,1.001735,1.7003334,0.5374277,1.9960158,2.2247648,1.8123431,2.3672256,1.9288911,3.1054046,2.142474,2.0716512,1.959156,2.1738348,2.6470802,2.0615995,1.7100873,1.9478824,1.6534233,2.3774054,1.7607464,3.5075815,2.1467776,1.6224937,0.6310078,1.1368897,2.4209816,2.9382386,2.5685716,1.945618,2.2915387,1.679393,1.9868753,3.1834774,2.458344,2.656988,1.8795811,2.2822733,2.4581532,2.1616693,2.4869952,2.1292133,2.5386953,1.9797325,2.0347497,2.2132425,2.4497004,1.5977595,3.1657372,2.8403785,3.4369514,1.9226741
2.402203,2.0187964,1.8729339,1.7714679,3.5971608,2.16851,2.742447,6.063618,2.1683586,1.6145623,1.8283517,1.667568,1.9960986,3.0377228,1.4305837,1.5924253,1.4090624,2.3526263,0.93114835,1.4451618,5.263291,3.5575912,2.1546762,2.0199876,2.8191347,8.363012,3.3631659,3.3379157,1.9440057,3.5372791,1.7012339,2.5321374,3.1724005,2.502633,2.124295,2.2350035,0.9867084,0.67369163,1.7936928,2.8174877,1.2197886,1.3535448,2.120718,2.0160465,2.3625448,3.8607953,1.5140607,2.5507674,3.374298,1.6143972,2.9936056,2.3418398,1.3062267,2.180106,1.8538357,0.9630833,1.1533523,1.7524363,2.939022,1.3807868,2.4450343,1.3289554,3.546253,2.320036
3.320332,3.622047,0.7260735,2.2003186,2.2897139,1.4125268,1.3019446,1.4379296,3.9877295,0.9984285,2.3668907,1.7272673,2.584025,3.9943957,1.9989197,2.9015062,2.4047492,1.3467579,1.1278152,3.2376773,0.93211114,1.6057031,2.434691,2.1549408,0.99142313,2.8266954,2.9028556,2.1319141,1.6302783,2.7631276,1.9481838,2.9894183,3.8562193,2.0342486,3.5057504,5.456202,0.17819375,3.6111069,1.3674245,1.6849694,3.6205568,3.658568,2.2507026,2.6296852,2.91216,2.0430994,0.7394825,1.3470707,3.4543033,2.170742,1.1331872,3.1162822,3.9742117,1.5239241,1.3904046,2.2313604,2.8943973,1.1739336,2.037531,3.426287,1.7124372,2.38041,2.0572348,1.9240996
1.5080223,3.3884974,2.375992,2.6935709,2.2944036,3.20748,2.0383415,0.36235315,1.5404272,2.0151427,4.6025047,1.6782317,1.2131828,4.100225,2.5395238,1.5393159,1.9041202,2.1326122,2.4241107,1.8921318,4.0941153,3.0335255,2.7912357,2.8228197,2.8709853,2.3333273,3.4376364,1.3292391,2.8114347,2.634236,1.515055,2.0241034,2.5128112,1.8357046,2.5062761,4.4734554,2.874409,3.9300194,2.3202915,2.203541,1.1715131,2.0272985,2.7219765,2.5143611,0.7565104,1.716712,2.2745583,2.4996371,2.3064346,1.2198273,1.5326818,2.5135262,2.1351728,1.5490084,2.5560722,1.2797377,2.4198308,3.3555799,2.1994634,2.8844328,4.051633,2.4864626,3.0502427,2.0873804
2.0551782,2.8526573,1.6960068,2.759873,0.8208603,2.7937639,1.370143,0.08427274,4.3626595,3.050441,2.2598274,1.9467652,1.2702714,1.0971401,1.3094492,2.0534863,1.7883303,3.515508,1.4514248,0.30227596,1.3295437,2.5099568,1.3342113,2.6745765,3.6825564,0.5680156,3.6137028,2.647518,2.0527284,0.5763995,2.191042,-0.04101658,2.2416549,1.6565311,0.85556835,1.2496064,2.6667995,1.0297571,1.8435977,1.2500743,2.2197099,1.5621964,1.9404223,2.6966999,2.4659405,2.6264434,0.8242278,1.8094447,2.2914133,2.733273,0.7767148,2.9200807,1.9944837,1.7700262,2.2622018,1.7384601,1.5710535,0.8840798,3.750525,2.0403435,1.175087,0.98450416,2.9779155,0.8108585
2.4341607,3.439518,1.6071551,2.7206335,3.8755198,1.3218863,2.0918922,0.705882,1.3749626,2.096324,2.5976388,3.6119108,3.0734472,2.290597,1.192785,2.4529057,2.7827957,3.6453183,2.7362592,1.7265637,1.9421011,2.7419717,2.174432,2.542125,2.5140555,1.3829137,1.7811296,3.2494974,1.3922901,2.6038737,2.2595096,2.7464895,3.1080399,1.6641555,2.0509124,5.501312,1.0650122,3.889892,2.1271923,2.5312414,3.0877066,2.7554393,2.5418563,1.7931397,2.5646293,2.3609023,2.6541731,2.0611289,2.7952394,1.7324327,1.6011907,2.1464264,2.3117914,2.9531887,1.6407651,1.8825991,3.1915717,2.1453862,1.65405,3.7966058,2.7493832,2.199678,3.209546,1.6378719
3.1116488,1.6173633,1.5757887,2.6648588,2.4333413,2.341898,2.3808413,2.569934,2.5857408,1.5825844,2.5205488,2.1326277,1.1714637,3.0759854,1.5303788,1.969096,2.654546,3.0968568,1.7526226,2.129013,2.380064,2.938885,2.4067025,2.2204196,3.0250287,2.4398584,2.9341052,1.9665449,2.6811259,3.4707265,1.4957464,1.5690947,2.3661733,2.784924,0.9175102,1.8720565,1.8836181,3.5547376,1.9178655,2.5269387,2.771047,1.4433974,2.1269438,1.9706647,2.9679005,1.9592388,1.4490166,2.2413774,2.3622246,2.1527295,2.2335086,2.9934018,2.5177312,2.4758558,2.4039464,2.177922,1.9951189,1.8051649,1.9432479,1.72211,2.7026486,1.68292,3.2596333,2.6773906
2.090433,1.6578232,1.2086242,2.665185,3.375432,2.6748912,2.8009052,6.063618,2.0970023,1.5953331,1.3177955,1.8129864,1.8322803,3.0377228,1.8968925,1.4363351,1.8528714,2.1955264,1.6155193,1.5153441,5.263291,3.3558543,2.3314416,2.8747647,2.8185227,8.363012,3.9095182,3.3379157,1.477962,3.5372791,2.1750402,2.1348236,2.494318,2.4697928,1.2656329,2.2350035,1.3979166,0.36301792,1.6859531,2.2162416,1.03988,1.3535448,2.2299926,2.0160465,2.5560417,3.2091982,1.5454316,2.4427009,3.374298,2.295329,2.3403544,1.6214311,1.4637735,2.2758808,2.8323464,2.4771004,2.207469,1.6853949,2.6197977,1.5599945,2.254445,1.3329425,2.7816842,2.511685
-0.42250392,0.55275285,0.24271572,0.79203683,2.0813096,1.179265,0.7106304,1.2838082,4.1193376,-0.6139874,2.2668772,0.36452764,1.6714848,2.5796251,2.355951,2.8630466,0.49325264,1.0739682,0.2728024,2.869322,2.607967,-0.6805851,0.4012019,0.79550713,-0.5615164,1.2900864,1.0775263,0.049430072,0.97594905,3.059286,0.011908531,-0.3140076,2.7837238,3.450919,3.3647301,5.2888584,2.011649,2.4160376,3.5545833,1.2845005,3.446835,1.6952425,2.8405573,1.466052,2.5676084,-0.34265587,1.6559403,1.4574444,0.17852062,-0.2536276,1.8990291,0.49775916,0.04316801,4.188666,0.8739896,6.6355524,2.3802598,0.769958,-0.0916605,3.3586211,-0.058466315,4.815604,-0.71606994,0.718956
2.0309634,1.4893805,1.7242584,1.5037777,3.6432781,2.4942787,1.3807253,4.3740115,3.4075904,2.1432168,1.2999437,1.7500887,1.3138767,3.7864342,1.2559557,2.1006222,2.7759635,1.8840208,1.8889947,2.1049278,1.5815243,3.3471425,3.1978018,2.072976,2.3211217,1.6495374,2.178063,2.6008756,2.0118415,3.1819012,1.6257086,1.6698601,2.637558,2.7253363,2.1254394,2.5427783,1.8575838,1.4460288,2.0719426,3.2936804,2.3388088,4.73302,2.4616513,2.9143293,2.7737536,2.853866,1.2831497,2.4719243,3.08642,0.8900299,2.552424,1.7826738,2.2071242,2.4465399,2.0054965,1.6166921,1.3736904,3.7055216,2.0394783,2.3854728,2.3252435,1.6957796,4.1643133,2.5399036
1.6794081,2.243575,1.7283187,1.4803991,2.5864692,2.0443676,3.4868927,1.3122492,1.1968234,3.3753607,1.9547598,2.0823975,1.5755697,0.9057438,2.022744,3.6388905,2.8862393,2.444418,1.5200427,2.8611844,2.0415874,1.5846889,2.3127701,2.0450058,2.5795424,2.6019874,2.811701,2.4844027,1.9785569,2.5936937,3.5151706,3.3769944,2.6826591,1.7354536,3.0862787,1.7067921,3.5483649,0.6642163,3.3133247,2.1887174,2.5863957,3.6501994,1.2392147,2.925238,1.0258973,3.1967156,2.8777175,1.5843253,2.1092916,1.5139076,1.7497448,2.4871135,2.5216467,2.3525023,2.4597106,3.5867977,2.138286,0.4005797,1.8647851,2.5970159,2.8079798,3.0637796,1.6643584,1.3998638
-0.6665073,-0.6207169,-0.7429812,-0.19918865,-0.64570624,1.3586063,-0.9586321,-0.6484118,-0.7172718,-0.6139874,-0.8180085,-0.79183394,-0.80565226,1.5997841,-0.9447999,-0.63533574,-0.85741496,-0.737704,1.0728674,-0.82933027,2.8647642,-0.6805851,-0.86592835,-0.7439644,-0.78372073,-0.20441282,-0.76857704,0.59416085,-0.7278421,-0.7690062,-0.7303791,-0.7590864,-0.538046,-0.71563035,-0.7191103,-0.6100045,7.382082,-0.796986,-0.7520125,-0.6691792,-0.6394139,-0.70274675,-0.7978737,-0.6483307,0.48731458,-0.71019155,-0.8859656,-0.7972712,4.1675687,-0.87775815,-0.90434706,-0.6881011,1.1425416,2.3582857,-0.76713836,-0.7864552,-0.691886,-0.76715195,1.7776505,-0.61142135,-0.3629197,-0.7001317,-0.71606994,-0.81559265
3.4320679,2.1573162,2.779165,3.769838,2.2960238,1.2316349,2.0993657,4.6946583,3.4805245,2.885277,2.7958107,1.117305,3.3340716,1.8057191,2.4381397,4.0014477,1.9576862,1.2914212,0.4878556,2.9893584,1.5701164,2.7151842,2.3321009,2.476662,2.0407917,1.8519262,3.7849703,3.200557,1.0805111,1.7553847,1.4883573,1.5396404,1.2780138,1.1517828,5.9602733,3.8402624,1.9434028,3.2763095,2.3038986,1.0989294,2.1090956,2.7125535,2.717989,3.6461573,3.070649,1.9751182,2.549326,3.8079762,2.3867722,1.1906172,1.1823796,1.561023,1.9369597,1.9198735,1.8096377,1.3330407,2.1494813,2.499353,2.2969942,3.1679573,2.9796185,1.4446342,2.1551301,2.1372237
2.6622784,1.9612607,1.5271413,2.32914,2.5114439,2.044641,1.8898927,2.320591,2.804622,1.7038851,1.999752,2.1289275,1.7203964,2.0947835,2.0495791,0.47833866,1.0451657,2.1458914,1.7154534,1.4629943,2.4960375,3.1054046,1.5711367,2.9386861,1.959156,3.168675,2.6470802,3.2079196,2.9125485,0.679318,2.2248323,2.3774054,2.0496564,3.5309026,1.9607403,1.9655814,1.8641179,2.8076077,1.8804874,2.5218813,1.5359704,2.3016129,1.6277039,3.0434706,2.295075,3.1834774,1.7839868,2.0861425,1.748336,2.8766484,2.4581532,3.2452974,1.7571733,2.1292133,1.8586682,2.1701646,1.7261875,2.0509295,2.4497004,1.2650926,3.1657372,1.7937841,3.4369514,2.3329663
0.8236379,0.60319114,6.0031652,2.2295344,1.7264717,2.4946854,1.6996905,3.8678885,2.2932153,5.263381,1.8053482,2.7734432,1.8819555,0.56193155,2.2250621,1.0075364,2.05506,2.2503014,2.008505,1.3511004,2.5450368,2.4117148,2.5356102,3.2891524,2.946889,4.537096,2.6788232,1.8016646,3.215916,1.089046,2.195903,4.9560843,1.1907551,1.922056,6.08141,1.6896605,0.76278687,0.61801815,1.8457694,4.870164,1.3157325,1.7422029,0.7378177,5.9472413,1.9868753,2.192909,2.3382688,3.185744,1.5571195,2.4255953,1.5385944,3.4088552,1.9967735,2.2687051,3.0390172,0.40866894,2.3220584,1.796271,2.659655,3.0227957,2.5433505,2.7558012,3.5234678,2.1464305
3.0545514,1.9876038,1.4019451,2.1553946,2.5114439,2.2039688,1.8898927,1.7876139,2.804622,2.7316601,0.523881,1.2180803,2.460359,2.915732,2.3118656,1.8811207,1.9960158,2.6972725,1.7526226,2.3672256,1.9288911,3.1054046,1.974869,2.0716512,2.8325632,1.4615098,2.6470802,2.0658922,1.5463848,1.9478824,1.8368604,2.3774054,2.6315145,3.5075815,2.1467776,2.664182,1.2042298,0.93137634,1.6592429,2.5269387,3.9144301,0.91152537,1.6277039,1.9828765,1.9868753,3.1834774,2.458344,2.2413774,1.0746261,2.039085,2.4581532,1.809432,2.3356318,2.1292133,2.4760098,1.6726878,2.7167392,2.2132425,2.4497004,1.5871475,3.1657372,2.3689036,3.4369514,1.9226741
1.9356389,1.0356354,3.9317834,3.089628,1.0489075,1.9946485,2.6570072,1.4975677,1.6872139,5.389235,2.5464969,2.5619075,2.8225646,1.5963194,1.9637077,0.18585712,0.24698627,0.6214952,2.0814779,3.7175095,1.6464034,2.2173986,2.6890178,2.82463,2.9340968,2.47645,2.5467772,0.13961893,3.062263,2.1149118,1.601891,1.2613525,1.4435433,3.1234505,5.1563845,2.0902662,1.4817054,2.453133,2.692529,3.2151961,1.3650956,1.2279828,2.636725,4.710453,4.0278454,2.5941067,1.728323,3.3138003,1.745938,2.183937,2.3026943,2.411525,1.4974909,1.8618665,2.8291821,2.681587,1.9920111,0.2829708,2.3789668,2.3265288,2.4674904,1.7535598,3.2659755,2.7713466
1.9271393,3.2578545,-0.2668375,1.6361716,1.7345581,1.8767729,2.6882825,0.9337705,1.423914,2.8328145,2.3877456,1.6332028,4.656663,2.2062578,1.9380903,2.0649383,0.83897376,1.572787,1.6092057,2.6767576,2.820207,2.5386536,1.3821287,2.9970212,0.6117612,0.66902363,2.9385452,2.5788078,2.4572294,4.2531967,0.9702015,4.2635326,1.8982517,3.6904914,1.0345194,2.6855369,1.4836705,2.8906064,4.7157745,1.7075772,2.4010348,2.0599022,3.5815136,3.4536443,2.9433868,0.30481774,1.6176682,0.71280056,2.0781765,1.4555427,-0.59957457,3.1508763,1.942236,3.5853477,1.568909,2.3744714,1.9078989,2.1318665,0.8658037,2.4538906,2.5816894,0.36932653,1.2607393,0.87051606
1.3422062,1.2938321,3.6889522,2.112285,2.5355911,3.9243093,2.885284,1.3623831,2.7562504,1.566098,1.0713959,1.916398,1.7489177,0.9726034,1.8134663,1.4660454,3.3491085,1.6001034,2.5266163,3.0037591,3.388475,2.6835492,1.7983456,3.2891524,3.952984,1.9505719,2.4095373,2.357873,2.8932173,1.5040255,2.1959023,1.2193567,1.315168,2.0167944,2.2814178,1.4685962,2.2024176,1.1555041,2.8091605,4.059722,1.5070479,2.036673,2.6947963,3.42664,2.1380348,5.191176,1.9955084,2.6950767,0.22009557,1.6941129,4.694353,3.4088552,1.913779,2.8763504,2.1816545,1.4694583,2.0711832,2.5298395,3.3139324,-0.61539865,1.7853007,1.9157782,3.5477679,3.401998
3.0320742,3.1254654,2.4352736,2.142959,2.231566,0.93385,2.6269956,2.0652947,1.4170737,3.2456644,1.2907248,0.7371504,1.7546624,3.0905855,2.6646123,1.5248289,4.110914,3.0783572,1.005696,1.3541923,0.6721097,2.6283808,1.4745872,2.9545376,1.0539466,1.9949356,2.2462173,3.799626,1.7697098,1.1160254,4.1820335,1.5479603,2.5635953,2.7939522,2.5358098,2.450197,0.6108407,2.3794622,1.8415713,2.2365954,2.6427438,2.5437465,2.9987795,2.5533571,1.9438314,2.8058176,1.6044116,2.8458192,1.78255,1.9797076,2.1657343,1.737658,2.3799648,1.1687269,2.314042,3.5635061,2.2127087,2.4339771,2.1466742,4.038356,2.1194637,-0.1643421,2.906973,1.8740152
1.9593396,5.8858695,1.5620141,1.9849598,1.2037599,1.7012,1.4802209,3.3162265,1.6424072,0.7542779,4.286567,1.5899508,1.0402745,0.6887724,2.8227193,4.2995443,1.4611022,0.8819836,2.3357427,1.5554085,2.6215105,1.9387751,1.7591593,2.3022528,1.4252238,3.3038163,2.072214,1.4655678,1.2793849,0.52694243,4.0097547,-0.64597464,0.600104,1.606847,0.498542,2.1693366,1.9517553,3.2143674,2.1871986,2.4508715,4.920115,2.451645,3.0426903,1.8821692,2.118211,2.533458,2.2105181,2.5518546,1.3793532,2.9958816,1.9461044,1.6406453,2.2339382,3.731998,1.502107,0.90624136,2.1526291,3.4785442,1.1011695,3.7005641,2.4807644,3.00246,0.7038423,2.5954814
1.8346651,1.7868999,4.07446,1.5890832,1.393033,1.6440561,3.0015178,3.2380908,2.6497877,5.66385,1.6256008,3.0412872,2.7117987,2.0956194,2.9131083,4.1519213,2.0554824,1.6351559,3.098416,2.2506673,2.17837,0.7420239,2.037721,2.476926,2.9029377,1.8046046,1.2699285,3.3713722,1.3643248,1.0800278,2.0999336,1.9821839,2.382286,3.2414122,5.860166,1.7858133,5.4541473,0.9711126,2.7478702,2.7894042,1.1166818,2.3338766,2.1431777,4.3104825,0.639959,0.9305578,2.1122887,1.5457993,2.8018575,0.8010843,2.4839144,1.0614421,1.6579986,-0.76053274,0.9316579,3.4568915,1.1806862,1.1634215,2.3086972,2.1110547,2.19738,1.7590964,2.5167975,2.050314
3.0320742,2.6644087,1.7639596,2.1357977,2.231566,2.1944156,2.8245773,2.0652947,1.4170737,1.5185239,1.6311963,1.5022159,1.7546624,3.0905855,1.1902001,1.3401742,1.6096196,3.0783572,1.4366934,1.5701327,1.8630832,2.6390715,2.4318793,2.575448,1.8437724,2.584148,2.7417731,3.4268272,1.5967469,0.81957227,3.2590687,3.2963827,2.5635953,2.7939522,1.9236913,2.450197,0.6108407,2.5845428,1.6786661,2.24354,2.6427438,3.0228114,2.483421,1.7815671,2.080639,2.8058176,1.107844,1.4503286,2.0759249,2.1861777,2.1657343,2.2239323,2.4275742,2.0315428,2.314042,1.8839035,2.3308027,0.68880284,2.1466742,1.1139656,2.1194637,3.9332154,2.906973,1.8003567
3.1375506,3.7390828,1.1291751,-0.03202641,0.26452988,2.6357408,3.037818,3.986743,2.0751154,1.2597437,1.8286507,0.4851113,4.9570107,3.9489446,3.3516774,3.164072,3.2982767,-0.69746226,2.7420614,2.6380758,1.6010221,-0.6805851,0.18465847,0.9034453,0.9290905,1.5895838,5.3435874,1.5707352,3.9365141,5.4584856,2.5060194,1.87343,3.3115568,4.112636,1.0836174,4.081807,0.1769805,3.8985467,1.4895387,2.4935482,4.7038546,4.506207,2.2370825,0.99657357,2.2502754,-0.10905433,4.9459896,2.8067772,2.8775043,1.3586413,0.37233138,2.3675892,2.6750379,3.0382197,2.8834724,3.7423248,2.3638985,0.47161663,2.9167109,2.7399054,1.8767908,2.2527843,0.18957967,0.30563045
3.1150467,4.8457484,5.9877586,1.2834978,3.6432781,1.0714409,1.3450459,3.764213,3.29879,0.99629563,4.4889703,2.7583354,1.2955185,7.085241,1.5421004,1.4118798,1.468333,1.8840208,1.8431296,1.8265922,2.2047725,3.3471425,2.4958134,2.2581122,2.5678306,3.5149007,2.178063,2.739636,1.314867,2.0818248,1.704814,1.6698601,5.0596757,2.7253363,3.5192826,3.0341516,-0.6385834,1.3761595,2.158457,4.008689,4.758646,4.901757,2.0607128,1.5788622,2.2276614,2.853866,2.3846736,2.4719243,1.8928891,1.0083884,2.6733003,1.3259878,-0.7596584,2.463057,1.380289,2.4847233,1.8112016,1.7756153,1.6128749,6.002837,2.3252435,1.8737831,4.1643133,2.724669
2.1730838,1.9240261,0.52761483,1.4153938,1.0241702,3.1368086,1.1032661,1.0843434,1.3870137,1.9726517,1.4917526,1.9711521,1.4513062,3.5173788,1.8358469,2.8013124,3.1018274,0.70476395,0.26230925,1.0275776,1.15998,0.7898465,1.8863201,0.2628278,-0.060205996,1.6234809,0.09884477,6.315531,1.6369872,2.9675443,1.2414539,0.80577457,0.15463287,0.8228187,0.09605938,4.0038757,1.1776764,1.7948385,0.3534596,0.4676293,0.94773525,2.828022,3.2644494,0.4552778,2.7514715,1.0986717,2.1877615,1.4604151,4.2360086,1.994397,0.86674154,0.60173184,3.228839,2.3542492,0.37867177,3.6707358,2.5220613,3.3652172,3.0345197,1.4652672,1.0334215,2.4190984,0.3345679,1.6011652
2.3288999,2.7399378,1.5528169,2.0548556,2.7322655,1.7886739,1.6834649,0.94235057,1.769362,1.992274,2.460247,1.7599666,0.8819579,1.9430106,1.3382998,0.62976676,2.7001245,2.4205313,1.8607991,1.6051722,3.2716947,1.7152174,2.1138363,3.077153,1.5727098,1.3242017,1.7505002,1.5524659,2.1809497,1.2390511,1.3627486,1.2923546,4.2585926,1.8539791,1.6438365,1.6117244,4.4754095,1.4208058,3.2292447,3.0237982,0.9621909,2.9231339,3.1252613,2.3844695,1.422935,1.3690343,1.9985073,1.9868023,2.1381288,1.6205717,2.415987,2.206645,1.4597411,2.0809746,1.5523399,3.1153438,1.6161935,2.1725726,1.7758778,3.3902428,1.18734,1.613956,1.4499769,2.3683648
3.0753508,0.552683,1.6418645,2.8819377,5.6069283,1.9989448,1.146113,7.125389,4.579351,1.5660977,1.8231184,1.9801631,3.0886478,0.121094406,2.2248592,4.293836,1.4898016,0.896601,1.6881607,1.204447,0.29206324,1.6708133,2.0809429,3.2891529,2.3062437,2.9091878,2.5934067,2.5126417,2.8932168,1.5329618,2.1329353,3.7633488,1.9553045,1.3213487,5.7656555,3.7871928,2.033751,1.9005526,2.2485285,2.9591556,2.4462695,6.63385,2.019983,4.223253,2.5108733,2.9016712,1.9559755,1.7282295,1.3511063,1.2468003,2.4335413,3.4088562,1.9371717,3.6911402,2.181655,0.91923136,2.8646252,2.7224545,2.2022018,1.554698,2.5113056,2.5273442,3.4360597,2.3655052
2.9101694,3.1187181,-0.47384244,1.5739939,2.5114439,1.93646,1.8898927,3.8250132,2.804622,1.0029614,2.8132253,1.2820828,1.7203964,1.6179912,3.5447135,3.4011123,2.8037379,2.1458914,2.3362901,1.8992987,1.7866496,3.1054046,2.1315262,0.9919334,1.959156,1.4615098,2.6470802,2.4396434,3.7962935,2.029395,1.8263953,2.3774054,3.5818424,3.5075815,1.0918725,4.101213,0.21976817,0.9513011,2.5598536,2.5218813,1.8008957,1.97954,1.6277039,1.0056647,2.3447835,3.1834774,2.4730918,2.0861425,2.7411408,1.4391512,2.4581532,1.5216253,2.8478389,2.1292133,2.350257,2.5540342,1.9343016,2.9479532,2.5508113,1.8581097,3.1657372,2.5435143,3.4369514,2.772729
1.4615457,3.5811434,2.1051924,2.7709482,3.7592955,1.7693036,1.7267896,2.1301022,3.536529,3.4876413,2.807315,2.1056862,2.8984246,0.6678738,2.3301919,2.3327243,1.0474622,0.89515215,2.0420547,3.28244,0.76982856,1.4438038,1.18169,2.615625,2.2076573,0.90247965,0.8115849,1.965579,3.5166957,2.2765944,0.5496546,1.3444049,3.5598783,2.5815356,2.7730186,0.9630757,1.7256896,0.57420707,2.037177,2.8995261,2.9801798,0.84718525,2.0982122,3.3959765,5.1705217,2.9269924,1.8816504,1.5484154,0.8054414,2.3416934,1.8934537,2.475422,1.1515982,1.1871612,2.627509,2.502557,3.0703835,1.8683969,2.3504004,3.9847276,2.3186302,0.8842451,2.7584057,1.8027612
3.1071777,1.4699708,1.6667523,2.4094687,2.3317423,2.252108,1.9872533,1.2542763,3.8188214,2.3894398,2.2396955,1.5789332,1.4476222,3.2447424,2.2952867,4.014055,1.3059499,3.2105718,1.459327,2.914003,1.3282157,1.4707162,1.3834713,1.3169072,2.206659,1.2852336,1.1949472,1.5563383,1.2953496,2.7830184,1.5108883,1.4074636,3.1878204,1.2308602,3.280349,5.5072875,1.8339224,2.942244,2.2753406,2.0464652,3.1976733,2.7679982,2.5630193,1.9535434,2.7729573,2.0627058,1.946558,1.9338827,0.61336076,1.0289199,1.6465675,2.2041466,2.676075,1.4205005,2.2932315,2.3445895,2.3804827,2.2541199,1.4946705,3.1624963,2.217612,1.9763491,1.588568,1.8611363
3.0073125,2.8070197,1.5411565,1.215153,3.7243505,4.005767,2.7656493,4.648409,3.5817418,2.5334291,1.2300174,2.7888935,1.7867321,1.3170991,2.640226,1.9907715,4.204485,0.38781422,2.346674,1.6569796,1.2757746,0.30200523,2.8835874,2.3294814,2.1443481,0.21639198,0.44508773,2.3207068,3.3266375,2.3708327,1.5477903,1.6115389,3.1134324,1.5156748,1.3047457,0.59765893,1.7901096,3.3462749,1.7404532,0.39152908,1.2796574,5.218298,2.5982308,2.9627979,3.694073,1.1627431,2.1940331,3.4434237,1.5135204,1.8261307,2.363215,2.8035426,2.5253077,2.5127366,3.3282785,2.8151052,2.0691586,2.040433,2.4180388,3.9423192,2.2061532,2.715786,2.9302678,1.3887931
2.1951246,0.14763606,3.140957,2.1868355,0.93489665,1.9506865,3.1409445,3.4563837,2.6494956,3.3469048,1.8440161,2.1928782,3.581832,2.2403173,2.465587,4.0877275,0.576664,1.2086165,2.821812,2.0387163,0.5136502,2.0311658,1.978651,3.0841222,2.1222842,0.7591336,1.4462688,3.5478508,3.2567267,2.5619247,2.2988658,0.9642937,2.2956057,4.234544,3.418289,2.3674605,0.48348737,1.6918105,1.4708579,1.6417131,1.9406416,2.892407,1.7201624,2.9913504,2.1069145,1.0683496,2.3204448,2.84309,0.6496649,1.598734,2.662961,3.2724035,1.3409469,2.0393186,2.2229424,2.453154,1.3111575,1.0744576,2.696731,2.1688197,2.7158298,0.95469755,1.281938,1.7919482
2.19773,1.1261756,0.8029698,2.503775,1.2952359,2.4304829,1.557495,1.5506463,0.4570576,2.4435444,1.0529358,1.2650428,0.87690496,3.9943957,1.6058347,0.6874617,1.2159545,1.3728018,1.449919,1.5534875,2.102479,1.8920677,2.0356772,1.7053802,0.18463475,2.5789623,1.7493854,1.8259845,1.3167031,1.0008564,1.7930512,1.3057373,2.3805156,2.0023386,1.4722598,2.1534424,1.577982,1.067558,0.88946927,0.41971052,0.16771293,1.5196255,0.83137053,2.629685,2.3607833,1.5236475,1.8649886,0.79286593,3.4543033,2.3404927,1.2086705,3.1162822,3.9742117,2.6747837,1.0782443,1.1800222,2.8943973,2.1022568,1.0174239,1.489296,1.3381767,2.111686,0.59809434,2.3380322
3.2345402,1.2598766,2.4467466,2.2388563,4.6247025,2.1215432,2.6624732,5.190565,2.2551794,2.898538,1.6913013,3.2352872,1.9255444,0.5423067,2.5032222,3.9274323,2.411342,1.7581637,2.6525946,1.2404613,2.0029893,1.4915042,2.530922,3.0759676,3.3996341,2.2240443,0.9691554,2.6812747,2.3468876,2.6370046,1.8799224,2.0995162,1.5347568,0.9092092,2.6644156,1.9345593,3.4540017,2.6774597,2.965498,2.5356798,0.5320187,3.1274257,2.2216222,3.1115234,1.8576276,2.5609367,1.4084818,1.1522379,3.0397,1.2740413,2.7857337,3.0495846,2.3272164,2.9294477,2.05338,1.1377738,2.8652437,1.6847848,2.289083,1.9250107,1.9040558,1.4749196,3.4330924,2.1202044
2.4209142,3.4408221,0.6338452,3.089628,2.5966718,2.0300775,1.4520341,4.2489686,4.146237,0.71738154,3.2084594,2.1885245,1.7513198,2.8251705,3.2813358,3.5577457,0.9106703,-0.36130893,0.16776526,2.9001591,1.4704915,-0.6805851,2.3274307,2.6427283,0.43850684,3.0892477,2.7076716,3.1616948,3.1382298,3.888074,1.9795599,0.28508258,3.6732845,3.1234505,3.4394329,5.557155,1.1612217,3.2341366,1.8453157,2.868224,4.218399,2.512519,2.987618,2.3635955,4.0278454,0.8712236,1.5546675,0.02819568,0.106111765,3.458878,0.47737777,2.205229,1.2560382,2.943498,2.5040703,3.5385714,2.4317498,1.4108664,1.1705977,4.63262,0.5776029,3.1186862,0.17615849,2.7713466
3.111454,3.0149221,2.3419068,0.92479604,3.5971608,1.4646895,2.742447,2.9602218,2.1683586,2.7839696,1.8355832,3.407434,1.5568815,1.0317357,1.3913479,2.3847384,2.7347243,2.3526263,2.7211645,1.151762,2.2567363,3.5575912,2.1007774,2.2149065,2.5374823,1.9974915,2.4849043,2.94282,1.8268528,1.307478,1.3538496,2.3385432,1.5007104,2.502633,1.1264315,1.9345593,2.2502406,2.6774597,2.4388187,3.2681513,2.4132957,1.3389705,2.120718,2.2991567,2.8687499,3.8607953,1.8172839,2.5507674,2.9155931,0.8605716,2.9936056,1.9967756,2.0052536,2.1647406,2.1287823,1.1498318,1.4220421,2.4973173,3.2713933,2.0112257,3.4410865,1.3930681,3.546253,2.2460837
2.5227733,1.2215395,1.8536358,2.1672058,1.0420165,1.7803721,2.1848302,0.92820257,2.1903074,2.4158542,2.688949,2.3412113,2.2064147,1.4725521,2.9682026,3.6631587,1.8858712,1.5601537,3.7335584,2.1833167,1.971826,1.536438,2.8118463,2.849056,2.4141061,1.4111766,1.8973501,1.233201,2.181122,1.8276267,3.0077653,2.442534,1.6399142,2.359901,1.6682765,0.94874245,0.6804832,0.8622056,3.1529758,3.366,2.066501,1.3779773,3.2853339,2.408116,2.091405,3.222518,1.5099297,2.2555068,0.18867832,1.5833248,2.161913,2.442112,2.2584984,2.407739,2.320304,3.1965425,2.5184724,2.950664,1.8097159,1.5712991,2.2145493,2.7175267,2.4178436,2.455216
0.8467255,0.8553057,-0.6386193,1.4089992,-0.6186138,2.1250064,-0.47705102,0.7830979,-0.09195089,-0.24998891,0.28586203,0.46668464,0.082040906,1.2174094,1.030869,-0.056582987,1.0101116,-0.13675958,-0.6143339,0.96302074,2.5562487,1.1446893,1.2077339,1.08638,-0.77380854,1.6796356,-0.20265383,1.8983579,-0.3623267,-0.21023303,-0.017932653,1.5054069,0.35085797,2.2203598,-0.6866335,0.18330735,12.508055,-0.339123,-0.19866133,0.9578408,-0.5922493,-0.21133804,-0.17074758,0.6105616,1.2775922,0.089297056,1.6362085,1.0213077,0.021190405,2.653099,0.0038395524,-0.17397392,-0.5676658,0.9495291,0.5605707,-0.16810715,-0.5148077,2.8878279,1.1016556,-0.61539865,-0.62377983,0.05049491,0.97531354,1.7737101
3.3715968,2.2037148,2.375992,3.339679,2.5680718,1.7155116,2.0383415,1.8047848,1.9541559,1.310724,1.7387729,2.455183,3.4647512,1.3486357,1.5628383,1.1154773,2.3666017,1.7326658,2.835092,2.106913,1.4352876,3.0360272,2.872827,3.2838004,2.9835036,2.5137544,2.9089181,2.5398543,2.7251177,2.0452836,3.3465614,3.0115094,2.5128112,3.1024816,1.492737,2.258594,1.8336284,2.3543167,2.8091304,2.699485,1.3395286,2.0272985,2.0466611,1.7746463,2.510349,3.187437,2.2237124,2.4996371,2.8734736,1.9817828,2.5069003,2.998967,2.3459167,2.7414203,2.46101,1.0121634,2.9177117,1.7474872,2.5272222,2.5150914,2.377446,1.6139953,3.4624588,2.3404756
0.7799513,1.1696826,1.7674866,0.66802925,4.764903,3.182891,3.0013452,0.67622894,3.4933085,2.9727988,1.6623249,1.7462091,1.8522877,4.5083966,1.9528949,3.8368165,1.0354949,3.832,2.0937402,2.500009,1.3888494,0.48322254,2.340826,2.0406504,2.4162848,1.3965086,2.660588,3.269564,1.2808444,1.9110024,2.5398993,0.82253444,2.777956,3.4793637,2.2068338,2.7710018,1.3444102,1.7375056,1.8059003,1.7667062,3.3502831,3.5283504,1.5746224,4.405449,1.8152685,2.6252506,2.6219444,0.62321454,0.57314026,2.469296,1.9852577,1.3497291,2.3593209,2.4768994,2.8249412,2.015781,5.132007,2.0489922,2.6411967,4.7851944,2.5746663,2.0010867,1.2066201,1.5807444
2.961088,2.0729384,3.5302932,2.3573108,2.5680718,2.6337736,2.0517254,1.8047848,2.9205887,1.4690125,0.9123933,2.3042178,2.8125062,1.4412084,1.8363426,1.5681031,1.4475613,2.1051064,3.7403486,3.045833,2.3715124,2.8602252,1.7853417,3.2950447,3.7938368,1.9027945,1.8708942,2.5398543,2.8236406,0.3988183,2.7240615,2.1704957,1.9653474,3.1024816,0.6395015,0.7297475,1.8995254,1.5156904,1.9122977,4.199353,1.849659,1.6774861,1.902451,3.2302783,1.605365,4.932007,1.9089196,2.7556403,-0.025184393,1.5546771,4.175726,3.185246,1.4501998,2.452251,2.1032262,1.2091346,1.7207465,1.9050785,3.103487,1.240671,2.377446,2.6811144,3.4624588,2.299799
1.4817548,2.2244616,2.244437,2.856269,2.3714936,2.4708605,2.1763797,1.5522845,0.99808705,2.3146586,3.428763,1.9146435,2.4949555,3.7121158,1.9958384,1.6535017,0.36207032,1.4221549,1.8895862,1.3439302,4.774764,1.1218092,2.2773774,3.2576544,2.4761438,2.9643917,1.881758,0.59702307,3.1305652,2.6984708,2.3135,5.1486673,3.1471272,2.32284,1.9533172,4.3038907,4.2488947,3.1354494,3.1608396,1.3961709,1.4759305,1.1872021,0.43809468,3.54596,0.91682243,2.639782,2.5230668,2.1882803,0.37207782,2.1561298,1.9424185,3.657293,2.5417821,0.03797412,2.527094,2.2437744,2.866831,3.89851,0.98311615,0.7475774,2.6338844,3.6474216,1.9266462,2.3663964
2.6692572,1.9932655,2.4467466,3.2233193,2.4055343,2.5381765,2.6624732,3.647409,3.1692214,2.898538,1.6913013,3.2352872,1.3191856,0.54230684,2.5032225,3.9274318,1.9171722,1.7581637,2.6525946,1.2404613,2.0029898,2.4335961,2.530922,2.456533,3.3996341,2.1948128,1.6311462,2.6812747,2.714392,3.912908,1.9016678,2.396914,1.5347568,2.6763115,7.0374465,1.9345593,3.4540007,2.6774597,2.9654982,1.4627228,1.0103664,3.0677028,1.8687239,3.6186447,3.474654,2.6827006,1.4084818,2.7136295,3.0397,1.5604068,2.2047515,2.3931594,2.327217,2.1647406,1.3856322,2.1446083,2.8652434,3.2021632,2.4014573,1.9250107,2.2190127,2.0182254,2.8707635,2.1202044
